large_bal_fat,2c|3b,tb_2c_3b_none,True,128,40.51,OK_BYPASS,
large_bal_fat,2a|3a,tb_2a_3a_none,True,283,41.48,OK_BYPASS,
large_bal_fat,2b|3e,tb_2b_3e_none,True,64,41.48,OK_BYPASS,
large_bal_fat,2a|3b,tb_2a_3b_none,True,287,41.52,OK_BYPASS,
large_bal_fat,2b|3c,tb_2b_3c_none,True,64,41.54,OK_BYPASS,
large_bal_fat,2b|3j,tb_2b_3j_none,True,64,41.88,OK_BYPASS,
large_bal_fat,2a|3e,tb_2a_3e_none,True,283,41.94,OK_BYPASS,
large_bal_fat,2c|3a,tb_2c_3a_none,True,128,42.43,OK_BYPASS,
large_bal_fat,2c|3g,tb_2c_3g_none,True,128,38.09,OK_BYPASS,
large_bal_fat,2c|3f,tb_2c_3f_none,True,128,39.5,OK_BYPASS,
large_bal_fat,2c|3e,tb_2c_3e_none,True,128,40.09,OK_BYPASS,
large_bal_fat,2d|3c,tb_2d_3c_none,True,490,40.05,OK_BYPASS,
large_bal_fat,2d|3b,tb_2d_3b_none,True,488,40.57,OK_BYPASS,
large_bal_fat,2c|3j,tb_2c_3j_none,True,128,42.57,OK_BYPASS,
large_bal_fat,2d|3e,tb_2d_3e_none,True,493,37.79,OK_BYPASS,
large_bal_fat,2d|3h,tb_2d_3h_none,True,488,38.22,OK_BYPASS,
large_bal_fat,2d|3f,tb_2d_3f_none,True,490,39.61,OK_BYPASS,
large_bal_fat,2d|3j,tb_2d_3j_none,True,488,40.67,OK_BYPASS,
large_bal_fat,2g|3i,tb_2g_3i_none,True,284,40.02,OK_BYPASS,
large_bal_fat,2h|3b,tb_2h_3b_none,True,827,38.31,OK_BYPASS,
large_bal_fat,2h|3a,tb_2h_3a_none,True,827,40.07,OK_BYPASS,
large_bal_fat,2f|3a,tb_2f_3a_none,True,4587,41.47,OK_BYPASS,
large_bal_fat,2h|3c,tb_2h_3c_none,True,827,33.94,OK_BYPASS,
large_bal_fat,2h|3e,tb_2h_3e_none,True,832,40.17,OK_BYPASS,
large_bal_fat,2h|3h,tb_2h_3h_none,True,829,39.05,OK_BYPASS,
large_bal_fat,2h|3f,tb_2h_3f_none,True,829,41.36,OK_BYPASS,
large_bal_fat,2h|3j,tb_2h_3j_none,True,827,41.17,OK_BYPASS,
large_bal_fat,2i|3b,tb_2i_3b_none,True,2344,42.77,OK_BYPASS,
large_bal_fat,2i|3c,tb_2i_3c_none,True,2342,43.4,OK_BYPASS,
large_bal_fat,2i|3e,tb_2i_3e_none,True,2355,40.87,OK_BYPASS,
large_bal_fat,2i|3f,tb_2i_3f_none,True,2345,41.5,OK_BYPASS,
large_bal_fat,2j|3c,tb_2j_3c_none,True,208,38.3,OK_BYPASS,
large_bal_fat,2k|3a,tb_2k_3a_none,True,154,36.48,OK_BYPASS,
large_bal_fat,2i|3h,tb_2i_3h_none,True,2342,41.99,OK_BYPASS,
large_bal_fat,2i|3j,tb_2i_3j_none,True,2345,40.58,OK_BYPASS,
large_bal_fat,2j|3e,tb_2j_3e_none,True,208,40.4,OK_BYPASS,
large_bal_fat,2k|3e,tb_2k_3e_none,True,154,26.86,OK_BYPASS,
large_bal_fat,2l|3c,tb_2l_3c_none,True,124,33.31,OK_BYPASS,
large_bal_fat,2l|3e,tb_2l_3e_none,True,124,37.27,OK_BYPASS,
large_bal_fat,2n|3b,tb_2n_3b_none,True,782,40.11,OK_BYPASS,
large_bal_fat,2n|3c,tb_2n_3c_none,True,782,40.08,OK_BYPASS,
large_bal_fat,2n|3e,tb_2n_3e_none,True,782,40.88,OK_BYPASS,
large_bal_fat,2n|3f,tb_2n_3f_none,True,782,39.38,OK_BYPASS,
large_bal_fat,2n|3h,tb_2n_3h_none,True,782,39.68,OK_BYPASS,
large_bal_fat,2n|3j,tb_2n_3j_none,True,782,38.21,OK_BYPASS,
large_bal_fat,2o|3a,tb_2o_3a_none,True,153,32.13,OK_BYPASS,
large_bal_fat,2o|3e,tb_2o_3e_none,True,153,34.31,OK_BYPASS,
large_bal_fat,2p|3e,tb_2p_3e_none,True,200,36.79,OK_BYPASS,
large_bal_fat,2p|3c,tb_2p_3c_none,True,200,38.02,OK_BYPASS,
large_bal_fat,2q|3a,tb_2q_3a_none,True,467,37.17,OK_BYPASS,
large_bal_fat,2q|3h,tb_2q_3h_none,True,467,37.51,OK_BYPASS,
large_bal_fat,2r|3b,tb_2r_3b_none,True,900,35.41,OK_BYPASS,
large_bal_fat,2r|3c,tb_2r_3c_none,True,903,33.37,OK_BYPASS,
large_bal_fat,2r|3e,tb_2r_3e_none,True,913,36.0,OK_BYPASS,
large_bal_mesh,2a|3a,tb_2a_3a_none,True,264,29.87,OK_BYPASS,
large_bal_fat,2r|3h,tb_2r_3h_none,True,900,35.73,OK_BYPASS,
large_bal_mesh,2a|3b,tb_2a_3b_none,True,264,32.66,OK_BYPASS,
large_bal_fat,2r|3j,tb_2r_3j_none,True,903,35.37,OK_BYPASS,
large_bal_mesh,2a|3e,tb_2a_3e_none,True,266,26.78,OK_BYPASS,
large_bal_mesh,2a|3h,tb_2a_3h_none,True,264,23.37,OK_BYPASS,
large_bal_mesh,2a|3i,tb_2a_3i_none,True,275,26.21,OK_BYPASS,
large_bal_mesh,2b|3a,tb_2b_3a_none,True,64,26.07,OK_BYPASS,
large_bal_mesh,2b|3b,tb_2b_3b_none,True,64,26.81,OK_BYPASS,
large_bal_mesh,2b|3e,tb_2b_3e_none,True,64,26.12,OK_BYPASS,
large_bal_mesh,2b|3h,tb_2b_3h_none,True,64,26.66,OK_BYPASS,
large_bal_mesh,2b|3i,tb_2b_3i_none,True,64,28.1,OK_BYPASS,
large_bal_mesh,2c|3a,tb_2c_3a_none,True,142,24.29,OK_BYPASS,
large_bal_mesh,2c|3b,tb_2c_3b_none,True,142,24.38,OK_BYPASS,
large_bal_mesh,2c|3c,tb_2c_3c_none,True,142,27.39,OK_BYPASS,
large_bal_mesh,2c|3g,tb_2c_3g_none,True,142,25.6,OK_BYPASS,
large_bal_mesh,2c|3e,tb_2c_3e_none,True,142,28.96,OK_BYPASS,
large_bal_mesh,2c|3i,tb_2c_3i_none,True,142,27.87,OK_BYPASS,
large_bal_mesh,2c|3j,tb_2c_3j_none,True,142,24.17,OK_BYPASS,
tiny_dense_1d,2a|3e,tb_2a_3e_none,True,71,16.59,OK_BYPASS,
tiny_mod_ring,2a|3a,tb_2a_3a_none,True,45,19.43,OK_BYPASS,
npow2n_tiny_ring,2a|3a,tb_2a_3a_none,True,54,20.27,OK_BYPASS,
small_bal_fat,2a|3e,tb_2a_3e_none,True,127,20.29,OK_BYPASS,
small_dense_hc,2a|3a,tb_2a_3a_none,True,168,20.56,OK_BYPASS,
large_extreme_1d,2a|3b,tb_2a_3b_none,True,2132,21.93,OK_BYPASS,
med_extreme_1d,2a|3a,tb_2a_3a_none,True,881,23.0,OK_BYPASS,
npow2_med_fat,2a|3a,tb_2a_3a_none,True,538,24.29,OK_BYPASS,
large_dense_2d,2a|3b,tb_2a_3b_none,True,1229,24.31,OK_BYPASS,
small_mod_2d,2a|3i,tb_2a_3i_none,True,72,24.42,OK_BYPASS,
large_dense_hc,2a|3a,tb_2a_3a_none,True,572,29.69,OK_BYPASS,
med_bal_2d,2a|3a,tb_2a_3a_none,True,212,31.29,OK_BYPASS,
med_mod_fat,2a|3e,tb_2a_3e_none,True,93,32.36,OK_BYPASS,
med_mod_ring,2a|3a,tb_2a_3a_none,True,206,32.56,OK_BYPASS,
vlarge_extreme_1d,2a|3a,tb_2a_3a_none,True,3221,29.42,OK_BYPASS,
vlarge_dense_hc,2a|3a,tb_2a_3a_none,True,1385,33.03,OK_BYPASS,
vlarge_dense_2d,2a|3a,tb_2a_3a_none,True,594,41.75,OK_BYPASS,
large_extreme_1d,2a|3d,tb_2a_3d_none,True,2114,26.21,OK_BYPASS,
large_dense_2d,2a|3d,tb_2a_3d_none,True,1230,28.91,OK_BYPASS,
vlarge_unbal_hc,2a|3a,tb_2a_3a_none,True,1026,47.36,OK_BYPASS,
large_dense_hc,2a|3b,tb_2a_3b_none,True,572,34.13,OK_BYPASS,
med_extreme_1d,2a|3h,tb_2a_3h_none,True,889,25.25,OK_BYPASS,
med_bal_2d,2a|3b,tb_2a_3b_none,True,212,32.07,OK_BYPASS,
tiny_dense_1d,2b|3a,tb_2b_3a_none,True,34,21.63,OK_BYPASS,
npow2n_tiny_ring,2b|3a,tb_2b_3a_none,True,34,26.26,OK_BYPASS,
npow2_med_fat,2a|3e,tb_2a_3e_none,True,538,36.69,OK_BYPASS,
small_bal_fat,2a|3i,tb_2a_3i_none,True,127,32.95,OK_BYPASS,
small_mod_2d,2b|3a,tb_2b_3a_none,True,19,33.14,OK_BYPASS,
med_mod_fat,2a|3h,tb_2a_3h_none,True,93,44.24,OK_BYPASS,
small_dense_hc,2b|3a,tb_2b_3a_none,True,64,35.57,OK_BYPASS,
tiny_mod_ring,2b|3a,tb_2b_3a_none,True,19,43.7,OK_BYPASS,
vlarge_bal_fat,2a|3a,tb_2a_3a_none,True,202,107.34,OK_BYPASS,
large_mod_ring,2a|3a,tb_2a_3a_none,True,610,107.27,OK_BYPASS,
large_dense_2d,2a|3i,tb_2a_3i_none,True,1229,37.0,OK_BYPASS,
vlarge_dense_hc,2a|3b,tb_2a_3b_none,True,1390,50.44,OK_BYPASS,
vlarge_extreme_1d,2a|3b,tb_2a_3b_none,True,3267,49.2,OK_BYPASS,
vlarge_dense_2d,2a|3b,tb_2a_3b_none,True,595,57.88,OK_BYPASS,
large_extreme_1d,2a|3e,tb_2a_3e_none,True,2133,32.21,OK_BYPASS,
vlarge_unbal_hc,2a|3b,tb_2a_3b_none,True,1027,71.84,OK_BYPASS,
med_extreme_1d,2a|3i,tb_2a_3i_none,True,885,31.52,OK_BYPASS,
med_bal_2d,2a|3i,tb_2a_3i_none,True,213,52.07,OK_BYPASS,
vlarge_bal_fat,2a|3b,tb_2a_3b_none,True,202,122.51,OK_BYPASS,
npow2_med_fat,2b|3a,tb_2b_3a_none,True,124,41.32,OK_BYPASS,
npow2n_tiny_ring,2c|3a,tb_2c_3a_none,True,57,37.14,OK_BYPASS,
med_mod_ring,2a|3i,tb_2a_3i_none,True,206,62.93,OK_BYPASS,
max_unbal_fat,2a|3a,tb_2a_3a_none,True,1528,206.31,OK_BYPASS,
max_unbal_fat,2a|3b,tb_2a_3b_none,True,1528,184.78,OK_BYPASS,
tiny_dense_1d,2c|3a,tb_2c_3a_none,True,45,38.09,OK_BYPASS,
small_mod_2d,2b|3h,tb_2b_3h_none,True,19,46.1,OK_BYPASS,
small_dense_hc,2c|3a,tb_2c_3a_none,True,163,47.84,OK_BYPASS,
small_bal_fat,2b|3a,tb_2b_3a_none,True,34,51.47,OK_BYPASS,
tiny_mod_ring,2c|3a,tb_2c_3a_none,True,40,54.68,OK_BYPASS,
large_mod_ring,2a|3e,tb_2a_3e_none,True,610,150.1,OK_BYPASS,
vlarge_bal_mesh,2a|3a,tb_2a_3a_none,True,575,247.06,OK_BYPASS,
vlarge_extreme_1d,2a|3e,tb_2a_3e_none,True,3220,53.28,OK_BYPASS,
vlarge_dense_2d,2a|3e,tb_2a_3e_none,True,594,59.26,OK_BYPASS,
vlarge_dense_hc,2a|3e,tb_2a_3e_none,True,1397,60.91,OK_BYPASS,
large_dense_2d,2a|3j,tb_2a_3j_none,True,1225,31.72,OK_BYPASS,
vlarge_unbal_hc,2a|3e,tb_2a_3e_none,True,1030,66.65,OK_BYPASS,
vlarge_bal_mesh,2a|3b,tb_2a_3b_none,True,586,239.37,OK_BYPASS,
large_extreme_1d,2a|3i,tb_2a_3i_none,True,2166,37.44,OK_BYPASS,
large_dense_hc,2a|3h,tb_2a_3h_none,True,582,52.28,OK_BYPASS,
vlarge_bal_fat,2a|3d,tb_2a_3d_none,True,202,125.7,OK_BYPASS,
med_bal_2d,2b|3a,tb_2b_3a_none,True,64,33.48,OK_BYPASS,
med_extreme_1d,2b|3a,tb_2b_3a_none,True,244,29.65,OK_BYPASS,
med_mod_fat,2b|3c,tb_2b_3c_none,True,34,38.23,OK_BYPASS,
med_mod_ring,2a|3j,tb_2a_3j_none,True,206,51.87,OK_BYPASS,
vlarge2_bal_fat,2a|3a,tb_2a_3a_none,True,503,386.53,OK_BYPASS,
npow2_med_fat,2b|3e,tb_2b_3e_none,True,124,52.81,OK_BYPASS,
vlarge_mod_ring,2a|3a,tb_2a_3a_none,True,1132,386.71,OK_BYPASS,
npow2n_tiny_ring,2d|3a,tb_2d_3a_none,True,56,36.93,OK_BYPASS,
small_bal_fat,2b|3e,tb_2b_3e_none,True,34,40.52,OK_BYPASS,
small_dense_hc,2d|3a,tb_2d_3a_none,True,129,43.03,OK_BYPASS,
tiny_mod_ring,2d|3a,tb_2d_3a_none,True,42,32.94,OK_BYPASS,
large_mod_ring,2a|3h,tb_2a_3h_none,True,610,150.73,OK_BYPASS,
vlarge_extreme_1d,2a|3h,tb_2a_3h_none,True,3251,46.42,OK_BYPASS,
vlarge_dense_hc,2a|3h,tb_2a_3h_none,True,1383,58.48,OK_BYPASS,
vlarge_dense_2d,2a|3h,tb_2a_3h_none,True,598,71.89,OK_BYPASS,
vlarge2_mod_ring,2a|3a,tb_2a_3a_none,True,1189,483.33,OK_BYPASS,
max_unbal_fat,2a|3e,tb_2a_3e_none,True,1528,218.38,OK_BYPASS,
vlarge_unbal_hc,2a|3f,tb_2a_3f_none,True,1026,88.43,OK_BYPASS,
vlarge2_bal_fat,2a|3b,tb_2a_3b_none,True,503,467.87,OK_BYPASS,
large_extreme_1d,2a|3j,tb_2a_3j_none,True,2103,51.48,OK_BYPASS,
large_dense_hc,2a|3i,tb_2a_3i_none,True,573,64.76,OK_BYPASS,
vlarge_bal_fat,2a|3e,tb_2a_3e_none,True,202,155.88,OK_BYPASS,
med_bal_2d,2b|3h,tb_2b_3h_none,True,64,36.05,OK_BYPASS,
npow2_med_fat,2c|3a,tb_2c_3a_none,True,354,46.28,OK_BYPASS,
med_mod_fat,2b|3e,tb_2b_3e_none,True,34,67.14,OK_BYPASS,
npow2n_tiny_ring,2f|3a,tb_2f_3a_none,True,85,49.65,OK_BYPASS,
small_bal_fat,2c|3a,tb_2c_3a_none,True,98,60.69,OK_BYPASS,
small_dense_hc,2d|3g,tb_2d_3g_none,True,129,48.56,OK_BYPASS,
vlarge_bal_mesh,2a|3e,tb_2a_3e_none,True,573,251.92,OK_BYPASS,
small_mod_2d,2d|3a,tb_2d_3a_none,True,32,48.81,OK_BYPASS,
vlarge_mod_ring,2a|3e,tb_2a_3e_none,True,1132,432.83,OK_BYPASS,
tiny_dense_1d,2g|3a,tb_2g_3a_none,True,69,40.81,OK_BYPASS,
tiny_mod_ring,2f|3a,tb_2f_3a_none,True,77,34.4,OK_BYPASS,
vlarge2_mod_ring,2a|3b,tb_2a_3b_none,True,1228,614.48,OK_BYPASS,
large_mod_ring,2a|3i,tb_2a_3i_none,True,610,191.23,OK_BYPASS,
vlarge_dense_hc,2a|3i,tb_2a_3i_none,True,1400,43.08,OK_BYPASS,
vlarge_extreme_1d,2a|3i,tb_2a_3i_none,True,3251,45.16,OK_BYPASS,
vlarge_dense_2d,2a|3i,tb_2a_3i_none,True,598,65.2,OK_BYPASS,
max_unbal_fat,2a|3f,tb_2a_3f_none,True,1528,229.15,OK_BYPASS,
large_dense_2d,2b|3h,tb_2b_3h_none,True,244,52.84,OK_BYPASS,
vlarge_unbal_hc,2a|3g,tb_2a_3g_none,True,1026,110.52,OK_BYPASS,
large_dense_hc,2b|3c,tb_2b_3c_none,True,124,64.81,OK_BYPASS,
large_extreme_1d,2b|3c,tb_2b_3c_none,True,484,49.25,OK_BYPASS,
vlarge_bal_fat,2a|3h,tb_2a_3h_none,True,202,165.41,OK_BYPASS,
vlarge2_bal_fat,2a|3e,tb_2a_3e_none,True,503,493.24,OK_BYPASS,
med_bal_2d,2c|3f,tb_2c_3f_none,True,94,69.54,OK_BYPASS,
med_extreme_1d,2c|3a,tb_2c_3a_none,True,304,48.58,OK_BYPASS,
vlarge_mod_ring,2a|3h,tb_2a_3h_none,True,1132,489.72,OK_BYPASS,
npow2_med_fat,2c|3e,tb_2c_3e_none,True,354,31.68,OK_BYPASS,
med_mod_fat,2c|3a,tb_2c_3a_none,True,72,36.68,OK_BYPASS,
large_mod_ring,2a|3j,tb_2a_3j_none,True,610,165.54,OK_BYPASS,
med_mod_ring,2b|3c,tb_2b_3c_none,True,19,43.16,OK_BYPASS,
npow2n_tiny_ring,2g|3a,tb_2g_3a_none,True,34,28.6,OK_BYPASS,
small_dense_hc,2f|3a,tb_2f_3a_none,True,225,26.04,OK_BYPASS,
vlarge_bal_mesh,2a|3h,tb_2a_3h_none,True,576,301.27,OK_BYPASS,
tiny_dense_1d,2h|3a,tb_2h_3a_none,True,60,23.07,OK_BYPASS,
small_bal_fat,2c|3e,tb_2c_3e_none,True,98,32.05,OK_BYPASS,
small_mod_2d,2d|3b,tb_2d_3b_none,True,32,29.93,OK_BYPASS,
tiny_mod_ring,2g|3a,tb_2g_3a_none,True,40,29.2,OK_BYPASS,
max_unbal_fat,2a|3h,tb_2a_3h_none,True,1528,209.34,OK_BYPASS,
vlarge2_mod_ring,2a|3e,tb_2a_3e_none,True,1235,607.1,OK_BYPASS,
vlarge_extreme_1d,2a|3j,tb_2a_3j_none,True,3223,38.84,OK_BYPASS,
vlarge_dense_2d,2a|3j,tb_2a_3j_none,True,600,48.33,OK_BYPASS,
vlarge_dense_hc,2a|3j,tb_2a_3j_none,True,1390,46.04,OK_BYPASS,
large_extreme_1d,2b|3e,tb_2b_3e_none,True,484,39.33,OK_BYPASS,
vlarge_unbal_hc,2a|3h,tb_2a_3h_none,True,1028,77.86,OK_BYPASS,
large_dense_hc,2c|3a,tb_2c_3a_none,True,64,67.28,OK_BYPASS,
vlarge_bal_fat,2b|3c,tb_2b_3c_none,True,64,119.99,OK_BYPASS,
vlarge2_bal_fat,2a|3h,tb_2a_3h_none,True,503,443.43,OK_BYPASS,
med_extreme_1d,2d|3a,tb_2d_3a_none,True,524,27.42,OK_BYPASS,
vlarge_mod_ring,2a|3i,tb_2a_3i_none,True,1132,441.3,OK_BYPASS,
med_mod_fat,2c|3b,tb_2c_3b_none,True,72,41.56,OK_BYPASS,
npow2_med_fat,2d|3a,tb_2d_3a_none,True,286,40.59,OK_BYPASS,
npow2n_tiny_ring,2h|3a,tb_2h_3a_none,True,76,17.68,OK_BYPASS,
small_bal_fat,2c|3f,tb_2c_3f_none,True,98,19.89,OK_BYPASS,
vlarge2_mod_ring,2a|3h,tb_2a_3h_none,True,1189,500.07,OK_BYPASS,
small_dense_hc,2g|3a,tb_2g_3a_none,True,143,18.98,OK_BYPASS,
tiny_dense_1d,2i|3a,tb_2i_3a_none,True,72,35.24,OK_BYPASS,
small_mod_2d,2d|3d,tb_2d_3d_none,True,32,39.78,OK_BYPASS,
tiny_mod_ring,2h|3a,tb_2h_3a_none,True,64,37.32,OK_BYPASS,
vlarge_bal_mesh,2a|3i,tb_2a_3i_none,True,572,227.98,OK_BYPASS,
max_unbal_fat,2a|3j,tb_2a_3j_none,True,1528,152.49,OK_BYPASS,
vlarge_dense_2d,2b|3b,tb_2b_3b_none,True,124,45.61,OK_BYPASS,
vlarge_unbal_hc,2a|3i,tb_2a_3i_none,True,1033,54.07,OK_BYPASS,
max_dense_hc,2a|3a,tb_2a_3a_none,True,491,1239.53,OK_BYPASS,
vlarge_bal_fat,2b|3e,tb_2b_3e_none,True,64,88.1,OK_BYPASS,
max_dense_hc,2a|3b,tb_2a_3b_none,True,491,1235.6,OK_BYPASS,
large_dense_2d,2d|3a,tb_2d_3a_none,True,827,38.82,OK_BYPASS,
large_extreme_1d,2b|3i,tb_2b_3i_none,True,484,32.05,OK_BYPASS,
large_dense_hc,2d|3a,tb_2d_3a_none,True,647,41.65,OK_BYPASS,
vlarge2_bal_fat,2a|3j,tb_2a_3j_none,True,503,323.46,OK_BYPASS,
med_bal_2d,2d|3a,tb_2d_3a_none,True,243,26.04,OK_BYPASS,
med_extreme_1d,2f|3a,tb_2f_3a_none,True,1002,21.43,OK_BYPASS,
med_mod_fat,2c|3c,tb_2c_3c_none,True,72,27.25,OK_BYPASS,
npow2_med_fat,2d|3b,tb_2d_3b_none,True,286,23.52,OK_BYPASS,
med_mod_ring,2b|3e,tb_2b_3e_none,True,19,31.74,OK_BYPASS,
npow2n_tiny_ring,2i|3a,tb_2i_3a_none,True,86,18.89,OK_BYPASS,
small_dense_hc,2h|3a,tb_2h_3a_none,True,185,17.26,OK_BYPASS,
small_bal_fat,2d|3a,tb_2d_3a_none,True,104,19.47,OK_BYPASS,
small_mod_2d,2d|3g,tb_2d_3g_none,True,32,20.66,OK_BYPASS,
tiny_dense_1d,2k|3e,tb_2k_3e_none,True,44,13.2,OK_BYPASS,
max_dense_hc,2a|3e,tb_2a_3e_none,True,491,1213.88,OK_BYPASS,
tiny_mod_ring,2i|3a,tb_2i_3a_none,True,67,15.78,OK_BYPASS,
vlarge_bal_mesh,2a|3j,tb_2a_3j_none,True,575,147.37,OK_BYPASS,
max_unbal_fat,2b|3c,tb_2b_3c_none,True,244,109.94,OK_BYPASS,
vlarge2_mod_ring,2a|3i,tb_2a_3i_none,True,1226,409.09,OK_BYPASS,
vlarge_extreme_1d,2b|3b,tb_2b_3b_none,True,484,39.69,OK_BYPASS,
vlarge_dense_hc,2c|3a,tb_2c_3a_none,True,304,47.8,OK_BYPASS,
vlarge_dense_2d,2b|3c,tb_2b_3c_none,True,124,50.23,OK_BYPASS,
vlarge_unbal_hc,2a|3j,tb_2a_3j_none,True,1027,65.21,OK_BYPASS,
large_dense_2d,2d|3b,tb_2d_3b_none,True,827,30.5,OK_BYPASS,
large_extreme_1d,2c|3a,tb_2c_3a_none,True,244,30.55,OK_BYPASS,
max_dense_hc,2a|3h,tb_2a_3h_none,True,491,1123.62,OK_BYPASS,
large_dense_hc,2d|3b,tb_2d_3b_none,True,650,39.34,OK_BYPASS,
vlarge_bal_fat,2c|3a,tb_2c_3a_none,True,198,105.43,OK_BYPASS,
vlarge2_bal_fat,2b|3c,tb_2b_3c_none,True,64,279.71,OK_BYPASS,
med_bal_2d,2d|3b,tb_2d_3b_none,True,243,28.32,OK_BYPASS,
med_extreme_1d,2g|3a,tb_2g_3a_none,True,513,22.68,OK_BYPASS,
npow2_med_fat,2d|3e,tb_2d_3e_none,True,286,26.01,OK_BYPASS,
med_mod_fat,2c|3d,tb_2c_3d_none,True,72,29.57,OK_BYPASS,
small_bal_fat,2d|3c,tb_2d_3c_none,True,104,27.12,OK_BYPASS,
npow2n_tiny_ring,2j|3a,tb_2j_3a_none,True,46,27.9,OK_BYPASS,
small_dense_hc,2i|3a,tb_2i_3a_none,True,332,29.53,OK_BYPASS,
tiny_mod_ring,2j|3a,tb_2j_3a_none,True,44,22.93,OK_BYPASS,
small_mod_2d,2d|3j,tb_2d_3j_none,True,32,26.34,OK_BYPASS,
vlarge_bal_mesh,2b|3b,tb_2b_3b_none,True,64,163.37,OK_BYPASS,
max_unbal_fat,2b|3e,tb_2b_3e_none,True,244,100.29,OK_BYPASS,
vlarge_dense_hc,2d|3a,tb_2d_3a_none,True,1311,33.04,OK_BYPASS,
max_dense_hc,2a|3i,tb_2a_3i_none,True,491,1027.19,OK_BYPASS,
vlarge_extreme_1d,2b|3e,tb_2b_3e_none,True,484,30.22,OK_BYPASS,
vlarge_bal_fat,2c|3b,tb_2c_3b_none,True,198,76.9,OK_BYPASS,
vlarge2_bal_fat,2b|3e,tb_2b_3e_none,True,64,245.22,OK_BYPASS,
large_dense_2d,2d|3c,tb_2d_3c_none,True,827,31.95,OK_BYPASS,
large_dense_hc,2d|3c,tb_2d_3c_none,True,650,42.43,OK_BYPASS,
large_extreme_1d,2d|3a,tb_2d_3a_none,True,1867,32.28,OK_BYPASS,
vlarge_bal_mesh,2b|3c,tb_2b_3c_none,True,64,147.37,OK_BYPASS,
vlarge_mod_ring,2b|3c,tb_2b_3c_none,True,19,297.79,OK_BYPASS,
med_extreme_1d,2g|3h,tb_2g_3h_none,True,507,21.62,OK_BYPASS,
med_bal_2d,2d|3c,tb_2d_3c_none,True,243,25.31,OK_BYPASS,
large_mod_ring,2b|3e,tb_2b_3e_none,True,19,86.81,OK_BYPASS,
max_dense_hc,2a|3j,tb_2a_3j_none,True,491,885.03,OK_BYPASS,
med_mod_fat,2c|3e,tb_2c_3e_none,True,72,29.0,OK_BYPASS,
npow2_med_fat,2d|3h,tb_2d_3h_none,True,286,27.3,OK_BYPASS,
max_unbal_fat,2c|3a,tb_2c_3a_none,True,396,99.23,OK_BYPASS,
npow2n_tiny_ring,2k|3a,tb_2k_3a_none,True,55,23.18,OK_BYPASS,
small_bal_fat,2d|3e,tb_2d_3e_none,True,104,29.32,OK_BYPASS,
vlarge2_bal_fat,2c|3a,tb_2c_3a_none,True,90,239.23,OK_BYPASS,
small_dense_hc,2j|3a,tb_2j_3a_none,True,136,31.35,OK_BYPASS,
small_mod_2d,2f|3a,tb_2f_3a_none,True,389,31.34,OK_BYPASS,
tiny_dense_1d,2n|3a,tb_2n_3a_none,True,67,24.7,OK_BYPASS,
tiny_mod_ring,2k|3a,tb_2k_3a_none,True,40,29.4,OK_BYPASS,
vlarge_dense_2d,2b|3e,tb_2b_3e_none,True,124,37.97,OK_BYPASS,
vlarge_dense_hc,2d|3b,tb_2d_3b_none,True,1311,42.22,OK_BYPASS,
vlarge_extreme_1d,2b|3i,tb_2b_3i_none,True,484,33.16,OK_BYPASS,
vlarge2_mod_ring,2b|3c,tb_2b_3c_none,True,34,335.52,OK_BYPASS,
large_dense_2d,2d|3d,tb_2d_3d_none,True,827,29.52,OK_BYPASS,
large_extreme_1d,2d|3b,tb_2d_3b_none,True,1867,28.07,OK_BYPASS,
med_bal_2d,2d|3d,tb_2d_3d_none,True,243,21.55,OK_BYPASS,
med_extreme_1d,2g|3i,tb_2g_3i_none,True,520,32.48,OK_BYPASS,
med_mod_fat,2c|3f,tb_2c_3f_none,True,72,21.14,OK_BYPASS,
npow2_med_fat,2d|3j,tb_2d_3j_none,True,286,21.45,OK_BYPASS,
max_unbal_fat,2c|3c,tb_2c_3c_none,True,396,105.03,OK_BYPASS,
npow2n_tiny_ring,2l|3a,tb_2l_3a_none,True,34,17.57,OK_BYPASS,
small_bal_fat,2f|3a,tb_2f_3a_none,True,321,18.07,OK_BYPASS,
small_dense_hc,2k|3a,tb_2k_3a_none,True,85,16.41,OK_BYPASS,
small_mod_2d,2g|3i,tb_2g_3i_none,True,102,22.09,OK_BYPASS,
tiny_dense_1d,2p|3a,tb_2p_3a_none,True,69,18.21,OK_BYPASS,
max_dense_hc,2b|3c,tb_2b_3c_none,True,64,737.44,OK_BYPASS,
tiny_mod_ring,2l|3a,tb_2l_3a_none,True,34,19.09,OK_BYPASS,
vlarge_dense_hc,2d|3c,tb_2d_3c_none,True,1311,25.18,OK_BYPASS,
vlarge_dense_2d,2b|3h,tb_2b_3h_none,True,124,31.29,OK_BYPASS,
vlarge_mod_ring,2b|3e,tb_2b_3e_none,True,19,256.89,OK_BYPASS,
vlarge_extreme_1d,2c|3a,tb_2c_3a_none,True,995,29.75,OK_BYPASS,
vlarge_bal_fat,2c|3e,tb_2c_3e_none,True,198,72.13,OK_BYPASS,
vlarge_unbal_hc,2b|3c,tb_2b_3c_none,True,244,46.54,OK_BYPASS,
large_dense_2d,2d|3f,tb_2d_3f_none,True,827,28.07,OK_BYPASS,
large_dense_hc,2d|3e,tb_2d_3e_none,True,650,32.07,OK_BYPASS,
large_extreme_1d,2d|3c,tb_2d_3c_none,True,1867,23.7,OK_BYPASS,
med_bal_2d,2d|3g,tb_2d_3g_none,True,243,24.19,OK_BYPASS,
med_extreme_1d,2h|3c,tb_2h_3c_none,True,719,20.79,OK_BYPASS,
vlarge_bal_mesh,2b|3e,tb_2b_3e_none,True,64,119.47,OK_BYPASS,
med_mod_fat,2c|3g,tb_2c_3g_none,True,72,28.15,OK_BYPASS,
med_mod_ring,2c|3a,tb_2c_3a_none,True,38,27.05,OK_BYPASS,
npow2_med_fat,2f|3a,tb_2f_3a_none,True,1057,21.73,OK_BYPASS,
max_dense_hc,2b|3d,tb_2b_3d_none,True,64,708.95,OK_BYPASS,
small_dense_hc,2l|3a,tb_2l_3a_none,True,124,19.34,OK_BYPASS,
npow2n_tiny_ring,2n|3a,tb_2n_3a_none,True,67,20.0,OK_BYPASS,
small_bal_fat,2g|3a,tb_2g_3a_none,True,96,22.37,OK_BYPASS,
tiny_dense_1d,2r|3a,tb_2r_3a_none,True,91,16.04,OK_BYPASS,
tiny_mod_ring,2n|3a,tb_2n_3a_none,True,44,15.65,OK_BYPASS,
small_mod_2d,2h|3a,tb_2h_3a_none,True,120,18.69,OK_BYPASS,
vlarge_extreme_1d,2d|3a,tb_2d_3a_none,True,2544,24.65,OK_BYPASS,
vlarge_dense_2d,2b|3i,tb_2b_3i_none,True,124,31.14,OK_BYPASS,
vlarge2_bal_fat,2c|3e,tb_2c_3e_none,True,90,198.58,OK_BYPASS,
large_dense_2d,2d|3g,tb_2d_3g_none,True,827,27.29,OK_BYPASS,
large_extreme_1d,2d|3e,tb_2d_3e_none,True,1867,27.63,OK_BYPASS,
large_dense_hc,2d|3f,tb_2d_3f_none,True,647,36.23,OK_BYPASS,
med_bal_2d,2d|3h,tb_2d_3h_none,True,243,18.42,OK_BYPASS,
vlarge2_mod_ring,2b|3e,tb_2b_3e_none,True,34,256.97,OK_BYPASS,
vlarge_bal_mesh,2b|3h,tb_2b_3h_none,True,64,105.78,OK_BYPASS,
max_dense_hc,2b|3f,tb_2b_3f_none,True,64,652.09,OK_BYPASS,
med_extreme_1d,2h|3e,tb_2h_3e_none,True,719,17.5,OK_BYPASS,
med_mod_fat,2c|3h,tb_2c_3h_none,True,72,23.09,OK_BYPASS,
npow2_med_fat,2g|3f,tb_2g_3f_none,True,353,21.42,OK_BYPASS,
med_mod_ring,2c|3b,tb_2c_3b_none,True,38,27.43,OK_BYPASS,
small_bal_fat,2g|3b,tb_2g_3b_none,True,96,20.68,OK_BYPASS,
npow2n_tiny_ring,2o|3a,tb_2o_3a_none,True,42,21.33,OK_BYPASS,
max_unbal_fat,2c|3e,tb_2c_3e_none,True,396,82.77,OK_BYPASS,
small_dense_hc,2n|3a,tb_2n_3a_none,True,207,18.08,OK_BYPASS,
small_mod_2d,2h|3b,tb_2h_3b_none,True,120,19.73,OK_BYPASS,
tiny_mod_ring,2o|3a,tb_2o_3a_none,True,42,19.52,OK_BYPASS,
vlarge2_bal_fat,2c|3f,tb_2c_3f_none,True,90,201.82,OK_BYPASS,
vlarge_dense_2d,2c|3a,tb_2c_3a_none,True,187,45.71,OK_BYPASS,
vlarge_dense_hc,2d|3e,tb_2d_3e_none,True,1311,45.03,OK_BYPASS,
vlarge_extreme_1d,2d|3b,tb_2d_3b_none,True,2546,45.33,OK_BYPASS,
large_dense_hc,2d|3g,tb_2d_3g_none,True,645,39.36,OK_BYPASS,
vlarge_bal_fat,2c|3j,tb_2c_3j_none,True,198,93.35,OK_BYPASS,
large_dense_2d,2d|3i,tb_2d_3i_none,True,827,48.62,OK_BYPASS,
vlarge_unbal_hc,2b|3e,tb_2b_3e_none,True,244,59.99,OK_BYPASS,
large_extreme_1d,2d|3h,tb_2d_3h_none,True,1871,30.16,OK_BYPASS,
vlarge_bal_mesh,2b|3i,tb_2b_3i_none,True,64,154.51,OK_BYPASS,
med_bal_2d,2f|3a,tb_2f_3a_none,True,1093,20.1,OK_BYPASS,
large_mod_ring,2c|3a,tb_2c_3a_none,True,27,93.55,OK_BYPASS,
med_extreme_1d,2i|3a,tb_2i_3a_none,True,1357,15.12,OK_BYPASS,
max_unbal_fat,2c|3j,tb_2c_3j_none,True,396,88.09,OK_BYPASS,
npow2_med_fat,2g|3i,tb_2g_3i_none,True,353,35.62,OK_BYPASS,
med_mod_fat,2c|3j,tb_2c_3j_none,True,72,38.84,OK_BYPASS,
npow2n_tiny_ring,2p|3a,tb_2p_3a_none,True,45,29.84,OK_BYPASS,
med_mod_ring,2c|3c,tb_2c_3c_none,True,38,45.87,OK_BYPASS,
small_bal_fat,2h|3a,tb_2h_3a_none,True,182,22.77,OK_BYPASS,
small_dense_hc,2o|3a,tb_2o_3a_none,True,85,15.31,OK_BYPASS,
small_mod_2d,2h|3c,tb_2h_3c_none,True,120,18.94,OK_BYPASS,
vlarge2_bal_fat,2c|3g,tb_2c_3g_none,True,90,248.32,OK_BYPASS,
tiny_mod_ring,2p|3a,tb_2p_3a_none,True,44,24.84,OK_BYPASS,
vlarge_dense_hc,2d|3f,tb_2d_3f_none,True,1310,32.73,OK_BYPASS,
vlarge_dense_2d,2c|3b,tb_2c_3b_none,True,187,35.39,OK_BYPASS,
vlarge_extreme_1d,2d|3c,tb_2d_3c_none,True,2544,25.83,OK_BYPASS,
vlarge_unbal_hc,2b|3f,tb_2b_3f_none,True,244,51.96,OK_BYPASS,
vlarge_bal_fat,2d|3a,tb_2d_3a_none,True,424,96.66,OK_BYPASS,
large_dense_2d,2f|3a,tb_2f_3a_none,True,4003,22.3,OK_BYPASS,
large_dense_hc,2d|3h,tb_2d_3h_none,True,645,24.86,OK_BYPASS,
large_extreme_1d,2f|3a,tb_2f_3a_none,True,3897,21.9,OK_BYPASS,
vlarge_bal_mesh,2b|3j,tb_2b_3j_none,True,64,143.22,OK_BYPASS,
large_mod_ring,2c|3b,tb_2c_3b_none,True,27,100.06,OK_BYPASS,
max_unbal_fat,2d|3a,tb_2d_3a_none,True,1139,108.63,OK_BYPASS,
med_bal_2d,2g|3a,tb_2g_3a_none,True,278,18.97,OK_BYPASS,
med_mod_fat,2d|3a,tb_2d_3a_none,True,171,24.28,OK_BYPASS,
vlarge_mod_ring,2c|3a,tb_2c_3a_none,True,3070,282.26,OK_BYPASS,
npow2_med_fat,2h|3a,tb_2h_3a_none,True,652,19.03,OK_BYPASS,
max_dense_hc,2c|3a,tb_2c_3a_none,True,94,648.97,OK_BYPASS,
npow2n_tiny_ring,2p|3h,tb_2p_3h_none,True,44,21.08,OK_BYPASS,
small_dense_hc,2p|3a,tb_2p_3a_none,True,134,21.85,OK_BYPASS,
small_bal_fat,2h|3b,tb_2h_3b_none,True,182,23.71,OK_BYPASS,
tiny_mod_ring,2q|3a,tb_2q_3a_none,True,49,20.7,OK_BYPASS,
small_mod_2d,2h|3d,tb_2h_3d_none,True,120,29.33,OK_BYPASS,
vlarge_dense_2d,2c|3c,tb_2c_3c_none,True,187,36.35,OK_BYPASS,
vlarge_dense_hc,2d|3g,tb_2d_3g_none,True,1311,38.12,OK_BYPASS,
vlarge_bal_fat,2d|3b,tb_2d_3b_none,True,424,79.2,OK_BYPASS,
vlarge_extreme_1d,2d|3d,tb_2d_3d_none,True,2545,25.67,OK_BYPASS,
max_dense_hc,2c|3b,tb_2c_3b_none,True,94,609.37,OK_BYPASS,
vlarge_bal_mesh,2c|3a,tb_2c_3a_none,True,110,132.96,OK_BYPASS,
vlarge_unbal_hc,2b|3g,tb_2b_3g_none,True,244,43.53,OK_BYPASS,
large_dense_2d,2g|3c,tb_2g_3c_none,True,947,28.24,OK_BYPASS,
large_extreme_1d,2g|3a,tb_2g_3a_none,True,1047,27.62,OK_BYPASS,
large_dense_hc,2d|3i,tb_2d_3i_none,True,647,35.68,OK_BYPASS,
vlarge2_bal_fat,2c|3j,tb_2c_3j_none,True,90,229.46,OK_BYPASS,
large_mod_ring,2c|3c,tb_2c_3c_none,True,27,90.16,OK_BYPASS,
max_unbal_fat,2d|3b,tb_2d_3b_none,True,1139,93.19,OK_BYPASS,
med_bal_2d,2g|3b,tb_2g_3b_none,True,278,18.73,OK_BYPASS,
vlarge2_mod_ring,2c|3a,tb_2c_3a_none,True,1506,312.14,OK_BYPASS,
med_extreme_1d,2k|3a,tb_2k_3a_none,True,265,20.08,OK_BYPASS,
med_mod_fat,2d|3e,tb_2d_3e_none,True,174,24.21,OK_BYPASS,
med_mod_ring,2c|3e,tb_2c_3e_none,True,38,24.69,OK_BYPASS,
npow2_med_fat,2h|3b,tb_2h_3b_none,True,657,22.89,OK_BYPASS,
vlarge_mod_ring,2c|3b,tb_2c_3b_none,True,3084,266.34,OK_BYPASS,
npow2n_tiny_ring,2q|3a,tb_2q_3a_none,True,56,15.49,OK_BYPASS,
small_dense_hc,2q|3a,tb_2q_3a_none,True,139,15.23,OK_BYPASS,
small_bal_fat,2h|3c,tb_2h_3c_none,True,182,17.15,OK_BYPASS,
small_mod_2d,2h|3e,tb_2h_3e_none,True,120,17.09,OK_BYPASS,
tiny_mod_ring,2r|3a,tb_2r_3a_none,True,43,14.63,OK_BYPASS,
max_dense_hc,2c|3c,tb_2c_3c_none,True,94,588.69,OK_BYPASS,
vlarge_extreme_1d,2d|3e,tb_2d_3e_none,True,2548,19.25,OK_BYPASS,
vlarge_dense_hc,2d|3h,tb_2d_3h_none,True,1311,24.09,OK_BYPASS,
vlarge_bal_fat,2d|3c,tb_2d_3c_none,True,424,61.98,OK_BYPASS,
vlarge_unbal_hc,2b|3h,tb_2b_3h_none,True,244,47.47,OK_BYPASS,
vlarge_bal_mesh,2c|3b,tb_2c_3b_none,True,110,107.76,OK_BYPASS,
large_dense_2d,2g|3h,tb_2g_3h_none,True,947,21.54,OK_BYPASS,
large_extreme_1d,2g|3h,tb_2g_3h_none,True,1047,24.17,OK_BYPASS,
large_dense_hc,2d|3j,tb_2d_3j_none,True,650,33.74,OK_BYPASS,
vlarge2_bal_fat,2d|3b,tb_2d_3b_none,True,464,204.53,OK_BYPASS,
max_unbal_fat,2d|3c,tb_2d_3c_none,True,1139,82.52,OK_BYPASS,
vlarge2_mod_ring,2c|3b,tb_2c_3b_none,True,1511,284.12,OK_BYPASS,
vlarge_mod_ring,2c|3c,tb_2c_3c_none,True,3070,269.43,OK_BYPASS,
med_bal_2d,2g|3e,tb_2g_3e_none,True,278,18.45,OK_BYPASS,
med_extreme_1d,2k|3b,tb_2k_3b_none,True,265,17.75,OK_BYPASS,
npow2_med_fat,2h|3c,tb_2h_3c_none,True,652,21.23,OK_BYPASS,
med_mod_ring,2c|3f,tb_2c_3f_none,True,38,24.73,OK_BYPASS,
npow2n_tiny_ring,2r|3a,tb_2r_3a_none,True,79,16.44,OK_BYPASS,
small_bal_fat,2h|3e,tb_2h_3e_none,True,182,18.05,OK_BYPASS,
small_dense_hc,2r|3a,tb_2r_3a_none,True,223,18.99,OK_BYPASS,
small_mod_2d,2h|3f,tb_2h_3f_none,True,120,22.3,OK_BYPASS,
vlarge_dense_2d,2c|3e,tb_2c_3e_none,True,187,37.83,OK_BYPASS,
vlarge_bal_mesh,2c|3c,tb_2c_3c_none,True,110,127.91,OK_BYPASS,
vlarge_dense_hc,2d|3i,tb_2d_3i_none,True,1311,29.73,OK_BYPASS,
vlarge_extreme_1d,2d|3f,tb_2d_3f_none,True,2547,24.89,OK_BYPASS,
vlarge_unbal_hc,2b|3i,tb_2b_3i_none,True,244,34.65,OK_BYPASS,
vlarge2_bal_fat,2d|3c,tb_2d_3c_none,True,464,210.24,OK_BYPASS,
large_dense_2d,2g|3i,tb_2g_3i_none,True,947,20.97,OK_BYPASS,
large_dense_hc,2f|3a,tb_2f_3a_none,True,3767,23.87,OK_BYPASS,
large_extreme_1d,2g|3i,tb_2g_3i_none,True,1047,17.36,OK_BYPASS,
vlarge2_mod_ring,2c|3c,tb_2c_3c_none,True,1506,274.17,OK_BYPASS,
large_mod_ring,2c|3e,tb_2c_3e_none,True,27,71.39,OK_BYPASS,
max_dense_hc,2c|3e,tb_2c_3e_none,True,94,523.89,OK_BYPASS,
med_extreme_1d,2l|3a,tb_2l_3a_none,True,484,20.01,OK_BYPASS,
med_bal_2d,2g|3h,tb_2g_3h_none,True,278,22.26,OK_BYPASS,
med_mod_fat,2g|3a,tb_2g_3a_none,True,99,23.77,OK_BYPASS,
npow2_med_fat,2h|3d,tb_2h_3d_none,True,651,17.24,OK_BYPASS,
med_mod_ring,2c|3g,tb_2c_3g_none,True,38,22.22,OK_BYPASS,
small_dense_hc,2r|3g,tb_2r_3g_none,True,222,17.26,OK_BYPASS,
small_bal_fat,2h|3f,tb_2h_3f_none,True,182,18.98,OK_BYPASS,
small_mod_2d,2i|3i,tb_2i_3i_none,True,231,20.75,OK_BYPASS,
vlarge_dense_2d,2d|3a,tb_2d_3a_none,True,869,27.88,OK_BYPASS,
vlarge_dense_hc,2d|3j,tb_2d_3j_none,True,1311,33.35,OK_BYPASS,
vlarge_extreme_1d,2d|3h,tb_2d_3h_none,True,2547,35.84,OK_BYPASS,
vlarge_bal_fat,2d|3e,tb_2d_3e_none,True,425,72.82,OK_BYPASS,
vlarge_unbal_hc,2b|3j,tb_2b_3j_none,True,244,35.63,OK_BYPASS,
large_dense_2d,2g|3j,tb_2g_3j_none,True,947,19.07,OK_BYPASS,
large_dense_hc,2g|3i,tb_2g_3i_none,True,423,33.17,OK_BYPASS,
large_extreme_1d,2h|3b,tb_2h_3b_none,True,2205,34.76,OK_BYPASS,
large_mod_ring,2c|3f,tb_2c_3f_none,True,27,109.37,OK_BYPASS,
med_bal_2d,2g|3i,tb_2g_3i_none,True,278,18.11,OK_BYPASS,
med_extreme_1d,2n|3a,tb_2n_3a_none,True,204,22.35,OK_BYPASS,
max_unbal_fat,2d|3e,tb_2d_3e_none,True,1139,98.92,OK_BYPASS,
npow2_med_fat,2h|3e,tb_2h_3e_none,True,652,25.27,OK_BYPASS,
small_bal_fat,2i|3a,tb_2i_3a_none,True,339,18.05,OK_BYPASS,
small_mod_2d,2j|3a,tb_2j_3a_none,True,76,19.84,OK_BYPASS,
vlarge_mod_ring,2c|3e,tb_2c_3e_none,True,3084,282.48,OK_BYPASS,
vlarge_bal_fat,2d|3f,tb_2d_3f_none,True,424,73.62,OK_BYPASS,
max_dense_hc,2c|3f,tb_2c_3f_none,True,94,537.01,OK_BYPASS,
vlarge_dense_hc,2f|3a,tb_2f_3a_none,True,8043,37.93,OK_BYPASS,
vlarge_dense_2d,2d|3b,tb_2d_3b_none,True,869,40.89,OK_BYPASS,
vlarge_bal_mesh,2c|3e,tb_2c_3e_none,True,110,138.28,OK_BYPASS,
vlarge_extreme_1d,2d|3j,tb_2d_3j_none,True,2544,29.96,OK_BYPASS,
vlarge_unbal_hc,2c|3a,tb_2c_3a_none,True,5,45.9,OK_BYPASS,
large_dense_2d,2h|3a,tb_2h_3a_none,True,1458,44.49,OK_BYPASS,
large_dense_hc,2h|3a,tb_2h_3a_none,True,1170,52.11,OK_BYPASS,
vlarge2_bal_fat,2d|3e,tb_2d_3e_none,True,474,261.87,OK_BYPASS,
large_extreme_1d,2h|3c,tb_2h_3c_none,True,2205,26.6,OK_BYPASS,
large_mod_ring,2c|3g,tb_2c_3g_none,True,27,125.19,OK_BYPASS,
vlarge2_mod_ring,2c|3e,tb_2c_3e_none,True,1511,374.35,OK_BYPASS,
med_bal_2d,2g|3j,tb_2g_3j_none,True,278,29.3,OK_BYPASS,
med_extreme_1d,2o|3a,tb_2o_3a_none,True,267,23.4,OK_BYPASS,
max_unbal_fat,2d|3f,tb_2d_3f_none,True,1143,160.53,OK_BYPASS,
npow2_med_fat,2h|3f,tb_2h_3f_none,True,653,31.71,OK_BYPASS,
med_mod_ring,2c|3i,tb_2c_3i_none,True,38,45.66,OK_BYPASS,
small_bal_fat,2i|3c,tb_2i_3c_none,True,339,31.15,OK_BYPASS,
small_mod_2d,2k|3a,tb_2k_3a_none,True,62,32.88,OK_BYPASS,
vlarge_mod_ring,2c|3f,tb_2c_3f_none,True,3075,371.84,OK_BYPASS,
max_dense_hc,2c|3g,tb_2c_3g_none,True,94,690.1,OK_BYPASS,
vlarge_bal_fat,2d|3h,tb_2d_3h_none,True,424,102.09,OK_BYPASS,
vlarge_dense_2d,2d|3c,tb_2d_3c_none,True,869,59.4,OK_BYPASS,
vlarge_extreme_1d,2f|3a,tb_2f_3a_none,True,7807,50.91,OK_BYPASS,
vlarge_dense_hc,2g|3a,tb_2g_3a_none,False,20897,66.49,SIM_TB_TIMEOUT_BYPASS,TIMEOUT; [FAIL] 1024L 32G hypercube_5d: TIMEOUT
vlarge_bal_mesh,2c|3f,tb_2c_3f_none,True,110,201.51,OK_BYPASS,
vlarge_unbal_hc,2c|3e,tb_2c_3e_none,True,5,59.05,OK_BYPASS,
large_dense_2d,2h|3b,tb_2h_3b_none,True,1462,60.24,OK_BYPASS,
vlarge2_bal_fat,2d|3h,tb_2d_3h_none,True,464,361.57,OK_BYPASS,
large_dense_hc,2h|3c,tb_2h_3c_none,True,1170,63.77,OK_BYPASS,
large_extreme_1d,2h|3d,tb_2h_3d_none,True,2205,29.69,OK_BYPASS,
large_mod_ring,2c|3h,tb_2c_3h_none,True,27,120.45,OK_BYPASS,
vlarge2_mod_ring,2c|3f,tb_2c_3f_none,True,1506,482.06,OK_BYPASS,
vlarge_mod_ring,2c|3g,tb_2c_3g_none,True,3070,431.5,OK_BYPASS,
med_bal_2d,2h|3a,tb_2h_3a_none,True,440,36.76,OK_BYPASS,
max_unbal_fat,2d|3h,tb_2d_3h_none,True,1139,186.34,OK_BYPASS,
med_extreme_1d,2p|3a,tb_2p_3a_none,True,494,26.68,OK_BYPASS,
med_mod_fat,2h|3a,tb_2h_3a_none,True,376,44.82,OK_BYPASS,
npow2_med_fat,2h|3h,tb_2h_3h_none,True,650,34.78,OK_BYPASS,
med_mod_ring,2c|3j,tb_2c_3j_none,True,38,58.6,OK_BYPASS,
small_bal_fat,2i|3e,tb_2i_3e_none,True,339,47.03,OK_BYPASS,
small_mod_2d,2k|3h,tb_2k_3h_none,True,62,47.58,OK_BYPASS,
vlarge_extreme_1d,2g|3a,tb_2g_3a_none,True,951,61.77,OK_BYPASS,
vlarge_bal_fat,2d|3j,tb_2d_3j_none,True,424,141.69,OK_BYPASS,
vlarge_dense_hc,2g|3b,tb_2g_3b_none,False,20897,86.71,SIM_TB_TIMEOUT_BYPASS,TIMEOUT; [FAIL] 1024L 32G hypercube_5d: TIMEOUT
vlarge_unbal_hc,2c|3f,tb_2c_3f_none,True,5,74.43,OK_BYPASS,
vlarge_bal_mesh,2c|3g,tb_2c_3g_none,True,110,227.89,OK_BYPASS,
large_dense_2d,2h|3c,tb_2h_3c_none,True,1459,39.83,OK_BYPASS,
large_extreme_1d,2h|3e,tb_2h_3e_none,True,2209,33.92,OK_BYPASS,
vlarge2_bal_fat,2d|3j,tb_2d_3j_none,True,464,407.52,OK_BYPASS,
large_mod_ring,2c|3i,tb_2c_3i_none,True,27,460.09,OK_BYPASS,
vlarge2_mod_ring,2c|3g,tb_2c_3g_none,True,1506,800.33,OK_BYPASS,
med_extreme_1d,2q|3a,tb_2q_3a_none,True,499,41.61,OK_BYPASS,
max_unbal_fat,2d|3j,tb_2d_3j_none,True,1139,438.45,OK_BYPASS,
med_mod_fat,2h|3c,tb_2h_3c_none,True,376,40.98,OK_BYPASS,
med_mod_ring,2d|3b,tb_2d_3b_none,True,32,45.13,OK_BYPASS,
vlarge_mod_ring,2c|3h,tb_2c_3h_none,True,3075,749.56,OK_BYPASS,
npow2_med_fat,2i|3a,tb_2i_3a_none,True,1851,35.58,OK_BYPASS,
max_dense_hc,2c|3i,tb_2c_3i_none,True,94,1255.06,OK_BYPASS,
small_bal_fat,2j|3a,tb_2j_3a_none,True,100,26.64,OK_BYPASS,
small_mod_2d,2l|3a,tb_2l_3a_none,True,34,31.21,OK_BYPASS,
vlarge_dense_2d,2d|3e,tb_2d_3e_none,True,869,68.01,OK_BYPASS,
vlarge_dense_hc,2g|3c,tb_2g_3c_none,False,20897,85.77,SIM_TB_TIMEOUT_BYPASS,TIMEOUT; [FAIL] 1024L 32G hypercube_5d: TIMEOUT
large_bal_mesh,2d|3a,tb_2d_3a_none,True,437,57.98,OK_BYPASS,
large_dense_2d,2h|3d,tb_2h_3d_none,True,1458,44.59,OK_BYPASS,
vlarge_bal_mesh,2c|3h,tb_2c_3h_none,True,110,212.54,OK_BYPASS,
large_dense_hc,2h|3e,tb_2h_3e_none,True,1170,55.05,OK_BYPASS,
large_extreme_1d,2h|3f,tb_2h_3f_none,True,2205,28.98,OK_BYPASS,
large_mod_ring,2c|3j,tb_2c_3j_none,True,27,153.84,OK_BYPASS,
vlarge2_mod_ring,2c|3h,tb_2c_3h_none,True,1515,502.04,OK_BYPASS,
med_bal_2d,2h|3c,tb_2h_3c_none,True,440,53.51,OK_BYPASS,
med_extreme_1d,2r|3a,tb_2r_3a_none,True,652,47.05,OK_BYPASS,
vlarge_mod_ring,2c|3i,tb_2c_3i_none,True,3080,499.32,OK_BYPASS,
npow2_med_fat,2i|3b,tb_2i_3b_none,True,1851,41.95,OK_BYPASS,
med_mod_ring,2d|3c,tb_2d_3c_none,True,32,61.04,OK_BYPASS,
small_bal_fat,2j|3e,tb_2j_3e_none,True,100,35.48,OK_BYPASS,
small_mod_2d,2n|3a,tb_2n_3a_none,True,109,31.72,OK_BYPASS,
max_dense_hc,2c|3j,tb_2c_3j_none,True,94,1388.76,OK_BYPASS,
vlarge_bal_fat,2g|3a,tb_2g_3a_none,True,337,166.01,OK_BYPASS,
vlarge_dense_2d,2d|3f,tb_2d_3f_none,True,869,68.37,OK_BYPASS,
vlarge_dense_hc,2g|3f,tb_2g_3f_none,False,20897,81.62,SIM_TB_TIMEOUT_BYPASS,TIMEOUT; [FAIL] 1024L 32G hypercube_5d: TIMEOUT
vlarge_bal_mesh,2c|3i,tb_2c_3i_none,True,110,262.63,OK_BYPASS,
vlarge_extreme_1d,2g|3i,tb_2g_3i_none,True,923,42.87,OK_BYPASS,
vlarge_unbal_hc,2c|3i,tb_2c_3i_none,True,5,62.88,OK_BYPASS,
large_bal_mesh,2d|3b,tb_2d_3b_none,True,437,52.7,OK_BYPASS,
vlarge2_bal_fat,2g|3a,tb_2g_3a_none,True,621,382.36,OK_BYPASS,
large_dense_2d,2h|3e,tb_2h_3e_none,True,1462,50.69,OK_BYPASS,
large_dense_hc,2h|3f,tb_2h_3f_none,True,1170,43.49,OK_BYPASS,
large_extreme_1d,2h|3g,tb_2h_3g_none,True,2205,27.63,OK_BYPASS,
large_mod_ring,2d|3b,tb_2d_3b_none,True,674,119.42,OK_BYPASS,
med_bal_2d,2h|3e,tb_2h_3e_none,True,440,32.92,OK_BYPASS,
max_unbal_fat,2g|3i,tb_2g_3i_none,True,650,178.13,OK_BYPASS,
vlarge2_mod_ring,2c|3i,tb_2c_3i_none,True,1516,559.48,OK_BYPASS,
med_mod_fat,2h|3e,tb_2h_3e_none,True,376,45.73,OK_BYPASS,
npow2_med_fat,2i|3e,tb_2i_3e_none,True,1851,40.23,OK_BYPASS,
small_bal_fat,2k|3e,tb_2k_3e_none,True,89,35.85,OK_BYPASS,
small_mod_2d,2n|3c,tb_2n_3c_none,True,109,32.44,OK_BYPASS,
vlarge_bal_fat,2g|3c,tb_2g_3c_none,True,337,131.5,OK_BYPASS,
max_dense_hc,2d|3a,tb_2d_3a_none,True,516,1190.29,OK_BYPASS,
vlarge_dense_2d,2d|3g,tb_2d_3g_none,True,869,67.21,OK_BYPASS,
vlarge_extreme_1d,2g|3j,tb_2g_3j_none,True,918,43.5,OK_BYPASS,
vlarge_bal_mesh,2c|3j,tb_2c_3j_none,True,110,237.93,OK_BYPASS,
vlarge_dense_hc,2g|3g,tb_2g_3g_none,False,20897,65.41,SIM_TB_TIMEOUT_BYPASS,TIMEOUT; [FAIL] 1024L 32G hypercube_5d: TIMEOUT
vlarge_unbal_hc,2d|3a,tb_2d_3a_none,True,826,62.87,OK_BYPASS,
large_bal_mesh,2d|3c,tb_2d_3c_none,True,437,61.69,OK_BYPASS,
large_extreme_1d,2h|3h,tb_2h_3h_none,True,2205,26.23,OK_BYPASS,
large_dense_2d,2h|3f,tb_2h_3f_none,True,1459,43.34,OK_BYPASS,
large_dense_hc,2h|3g,tb_2h_3g_none,True,1170,48.64,OK_BYPASS,
vlarge2_bal_fat,2g|3c,tb_2g_3c_none,True,621,389.98,OK_BYPASS,
large_mod_ring,2d|3c,tb_2d_3c_none,True,674,224.37,OK_BYPASS,
vlarge2_mod_ring,2c|3j,tb_2c_3j_none,True,1516,640.56,OK_BYPASS,
vlarge_mod_ring,2d|3b,tb_2d_3b_none,True,1171,466.12,OK_BYPASS,
med_bal_2d,2h|3g,tb_2h_3g_none,True,440,38.97,OK_BYPASS,
med_mod_fat,2h|3f,tb_2h_3f_none,True,376,63.96,OK_BYPASS,
npow2_med_fat,2i|3h,tb_2i_3h_none,True,1851,80.42,OK_BYPASS,
med_mod_ring,2d|3e,tb_2d_3e_none,True,32,102.22,OK_BYPASS,
max_unbal_fat,2h|3c,tb_2h_3c_none,True,3446,355.23,OK_BYPASS,
small_mod_2d,2n|3e,tb_2n_3e_none,True,109,47.18,OK_BYPASS,
vlarge_bal_mesh,2d|3a,tb_2d_3a_none,True,684,228.12,OK_BYPASS,
vlarge_dense_2d,2d|3h,tb_2d_3h_none,True,871,52.96,OK_BYPASS,
vlarge_dense_hc,2g|3i,tb_2g_3i_none,False,20897,55.51,SIM_TB_TIMEOUT_BYPASS,TIMEOUT; [FAIL] 1024L 32G hypercube_5d: TIMEOUT
vlarge_extreme_1d,2h|3b,tb_2h_3b_none,True,3923,30.79,OK_BYPASS,
vlarge_unbal_hc,2d|3b,tb_2d_3b_none,True,829,44.54,OK_BYPASS,
vlarge2_mod_ring,2d|3a,tb_2d_3a_none,True,1225,504.56,OK_BYPASS,
large_dense_2d,2h|3g,tb_2h_3g_none,True,1459,30.41,OK_BYPASS,
large_dense_hc,2h|3h,tb_2h_3h_none,True,1170,36.98,OK_BYPASS,
large_extreme_1d,2h|3i,tb_2h_3i_none,True,2205,31.44,OK_BYPASS,
max_dense_hc,2d|3c,tb_2d_3c_none,True,516,1194.39,OK_BYPASS,
med_bal_2d,2h|3j,tb_2h_3j_none,True,440,30.01,OK_BYPASS,
vlarge_mod_ring,2d|3c,tb_2d_3c_none,True,1171,298.24,OK_BYPASS,
npow2_med_fat,2j|3c,tb_2j_3c_none,True,278,20.89,OK_BYPASS,
med_mod_ring,2d|3f,tb_2d_3f_none,True,32,27.82,OK_BYPASS,
small_bal_fat,2l|3a,tb_2l_3a_none,True,64,24.4,OK_BYPASS,
small_mod_2d,2n|3f,tb_2n_3f_none,True,109,22.89,OK_BYPASS,
vlarge_bal_fat,2g|3f,tb_2g_3f_none,True,337,71.93,OK_BYPASS,
vlarge_dense_2d,2d|3i,tb_2d_3i_none,True,869,48.03,OK_BYPASS,
vlarge_dense_hc,2g|3j,tb_2g_3j_none,False,20897,46.19,SIM_TB_TIMEOUT_BYPASS,TIMEOUT; [FAIL] 1024L 32G hypercube_5d: TIMEOUT
vlarge_extreme_1d,2h|3c,tb_2h_3c_none,True,3919,37.71,OK_BYPASS,
vlarge_bal_mesh,2d|3b,tb_2d_3b_none,True,683,150.88,OK_BYPASS,
vlarge2_bal_fat,2g|3f,tb_2g_3f_none,True,622,233.42,OK_BYPASS,
vlarge_unbal_hc,2d|3c,tb_2d_3c_none,True,827,51.16,OK_BYPASS,
large_bal_mesh,2d|3e,tb_2d_3e_none,True,437,45.16,OK_BYPASS,
large_dense_2d,2h|3h,tb_2h_3h_none,True,1463,31.36,OK_BYPASS,
large_extreme_1d,2i|3a,tb_2i_3a_none,True,5439,30.3,OK_BYPASS,
large_dense_hc,2h|3i,tb_2h_3i_none,True,1170,33.45,OK_BYPASS,
vlarge2_mod_ring,2d|3b,tb_2d_3b_none,True,1229,339.13,OK_BYPASS,
large_mod_ring,2d|3e,tb_2d_3e_none,True,674,91.98,OK_BYPASS,
max_unbal_fat,2h|3e,tb_2h_3e_none,True,3459,129.15,OK_BYPASS,
med_bal_2d,2i|3c,tb_2i_3c_none,True,929,19.66,OK_BYPASS,
npow2_med_fat,2j|3e,tb_2j_3e_none,True,278,29.16,OK_BYPASS,
med_mod_fat,2i|3a,tb_2i_3a_none,True,876,37.39,OK_BYPASS,
small_bal_fat,2l|3e,tb_2l_3e_none,True,64,23.17,OK_BYPASS,
small_mod_2d,2n|3h,tb_2n_3h_none,True,109,29.37,OK_BYPASS,
vlarge_bal_fat,2g|3h,tb_2g_3h_none,True,337,90.4,OK_BYPASS,
vlarge_dense_2d,2d|3j,tb_2d_3j_none,True,869,43.6,OK_BYPASS,
vlarge_dense_hc,2h|3a,tb_2h_3a_none,True,2463,32.98,OK_BYPASS,
vlarge_bal_mesh,2d|3c,tb_2d_3c_none,True,684,169.4,OK_BYPASS,
vlarge_extreme_1d,2h|3d,tb_2h_3d_none,True,3925,39.22,OK_BYPASS,
vlarge2_bal_fat,2g|3j,tb_2g_3j_none,True,622,260.86,OK_BYPASS,
large_bal_mesh,2d|3f,tb_2d_3f_none,True,437,45.92,OK_BYPASS,
large_dense_2d,2h|3i,tb_2h_3i_none,True,1462,34.45,OK_BYPASS,
large_dense_hc,2h|3j,tb_2h_3j_none,True,1170,36.0,OK_BYPASS,
vlarge2_mod_ring,2d|3c,tb_2d_3c_none,True,1223,355.99,OK_BYPASS,
large_extreme_1d,2i|3c,tb_2i_3c_none,True,5439,23.65,OK_BYPASS,
max_dense_hc,2d|3e,tb_2d_3e_none,True,516,686.59,OK_BYPASS,
large_mod_ring,2d|3f,tb_2d_3f_none,True,674,90.25,OK_BYPASS,
vlarge_mod_ring,2d|3e,tb_2d_3e_none,True,1171,261.04,OK_BYPASS,
max_unbal_fat,2h|3f,tb_2h_3f_none,True,3448,121.89,OK_BYPASS,
med_bal_2d,2i|3d,tb_2i_3d_none,True,929,17.66,OK_BYPASS,
med_mod_fat,2i|3b,tb_2i_3b_none,True,876,22.93,OK_BYPASS,
med_mod_ring,2d|3h,tb_2d_3h_none,True,32,25.97,OK_BYPASS,
npow2_med_fat,2k|3a,tb_2k_3a_none,True,167,34.07,OK_BYPASS,
small_bal_fat,2m|3a,tb_2m_3a_none,True,127,32.69,OK_BYPASS,
vlarge2_bal_fat,2h|3a,tb_2h_3a_none,True,1585,327.26,OK_BYPASS,
vlarge_bal_fat,2g|3j,tb_2g_3j_none,True,337,83.25,OK_BYPASS,
max_dense_hc,2d|3f,tb_2d_3f_none,True,519,674.61,OK_BYPASS,
vlarge_dense_2d,2f|3a,tb_2f_3a_none,True,6709,49.87,OK_BYPASS,
vlarge_dense_hc,2h|3b,tb_2h_3b_none,True,2463,33.2,OK_BYPASS,
vlarge_extreme_1d,2h|3e,tb_2h_3e_none,True,3924,26.19,OK_BYPASS,
vlarge_unbal_hc,2d|3e,tb_2d_3e_none,True,827,38.55,OK_BYPASS,
large_bal_mesh,2d|3g,tb_2d_3g_none,True,437,33.54,OK_BYPASS,
large_dense_2d,2h|3j,tb_2h_3j_none,True,1458,27.05,OK_BYPASS,
large_dense_hc,2i|3a,tb_2i_3a_none,True,2930,42.25,OK_BYPASS,
large_extreme_1d,2i|3e,tb_2i_3e_none,True,5439,36.52,OK_BYPASS,
large_mod_ring,2d|3g,tb_2d_3g_none,True,674,88.53,OK_BYPASS,
vlarge_mod_ring,2d|3f,tb_2d_3f_none,True,1176,242.72,OK_BYPASS,
med_bal_2d,2i|3i,tb_2i_3i_none,True,929,32.05,OK_BYPASS,
max_unbal_fat,2h|3g,tb_2h_3g_none,True,3445,132.24,OK_BYPASS,
med_mod_fat,2i|3c,tb_2i_3c_none,True,876,41.34,OK_BYPASS,
med_mod_ring,2d|3i,tb_2d_3i_none,True,32,45.47,OK_BYPASS,
npow2_med_fat,2k|3e,tb_2k_3e_none,True,167,23.94,OK_BYPASS,
small_bal_fat,2m|3e,tb_2m_3e_none,True,127,38.13,OK_BYPASS,
small_mod_2d,2p|3a,tb_2p_3a_none,True,68,38.55,OK_BYPASS,
vlarge2_bal_fat,2h|3b,tb_2h_3b_none,True,1585,383.61,OK_BYPASS,
vlarge2_mod_ring,2d|3e,tb_2d_3e_none,True,1228,418.61,OK_BYPASS,
vlarge_bal_fat,2h|3a,tb_2h_3a_none,True,1101,106.64,OK_BYPASS,
vlarge_dense_2d,2g|3a,tb_2g_3a_none,True,412,59.99,OK_BYPASS,
vlarge_dense_hc,2h|3c,tb_2h_3c_none,True,2463,62.05,OK_BYPASS,
vlarge_extreme_1d,2h|3f,tb_2h_3f_none,True,3918,58.67,OK_BYPASS,
max_dense_hc,2d|3g,tb_2d_3g_none,True,518,810.41,OK_BYPASS,
vlarge_unbal_hc,2d|3f,tb_2d_3f_none,True,827,65.24,OK_BYPASS,
vlarge_bal_mesh,2d|3e,tb_2d_3e_none,True,684,208.25,OK_BYPASS,
large_bal_mesh,2d|3h,tb_2d_3h_none,True,437,76.7,OK_BYPASS,
large_extreme_1d,2i|3i,tb_2i_3i_none,True,5439,37.75,OK_BYPASS,
large_dense_2d,2i|3a,tb_2i_3a_none,True,3775,44.14,OK_BYPASS,
large_dense_hc,2i|3b,tb_2i_3b_none,True,2929,45.87,OK_BYPASS,
med_bal_2d,2j|3c,tb_2j_3c_none,True,166,33.46,OK_BYPASS,
max_unbal_fat,2h|3h,tb_2h_3h_none,True,3445,168.24,OK_BYPASS,
med_mod_fat,2i|3e,tb_2i_3e_none,True,877,48.53,OK_BYPASS,
npow2_med_fat,2l|3a,tb_2l_3a_none,True,184,30.15,OK_BYPASS,
med_mod_ring,2d|3j,tb_2d_3j_none,True,32,56.74,OK_BYPASS,
small_mod_2d,2p|3c,tb_2p_3c_none,True,68,32.05,OK_BYPASS,
small_bal_fat,2n|3a,tb_2n_3a_none,True,91,38.69,OK_BYPASS,
vlarge_bal_fat,2h|3c,tb_2h_3c_none,True,1100,179.49,OK_BYPASS,
vlarge2_bal_fat,2h|3c,tb_2h_3c_none,True,1586,572.17,OK_BYPASS,
vlarge2_mod_ring,2d|3f,tb_2d_3f_none,True,1228,583.69,OK_BYPASS,
vlarge_dense_2d,2g|3i,tb_2g_3i_none,True,412,68.12,OK_BYPASS,
vlarge_extreme_1d,2h|3g,tb_2h_3g_none,True,3918,64.95,OK_BYPASS,
vlarge_bal_mesh,2d|3f,tb_2d_3f_none,True,684,243.97,OK_BYPASS,
vlarge_unbal_hc,2d|3g,tb_2d_3g_none,True,826,81.95,OK_BYPASS,
max_dense_hc,2d|3h,tb_2d_3h_none,True,516,1094.38,OK_BYPASS,
large_bal_mesh,2d|3i,tb_2d_3i_none,True,439,66.17,OK_BYPASS,
large_dense_hc,2i|3c,tb_2i_3c_none,True,2925,72.12,OK_BYPASS,
large_extreme_1d,2i|3j,tb_2i_3j_none,True,5439,53.81,OK_BYPASS,
large_mod_ring,2d|3i,tb_2d_3i_none,True,674,190.59,OK_BYPASS,
max_unbal_fat,2h|3i,tb_2h_3i_none,True,3445,322.86,OK_BYPASS,
med_bal_2d,2k|3h,tb_2k_3h_none,True,107,46.19,OK_BYPASS,
med_mod_fat,2i|3h,tb_2i_3h_none,True,876,70.37,OK_BYPASS,
npow2_med_fat,2l|3e,tb_2l_3e_none,True,184,49.57,OK_BYPASS,
small_mod_2d,2p|3e,tb_2p_3e_none,True,68,54.16,OK_BYPASS,
small_bal_fat,2o|3a,tb_2o_3a_none,True,80,61.56,OK_BYPASS,
vlarge_bal_mesh,2d|3g,tb_2d_3g_none,True,684,216.09,OK_BYPASS,
vlarge_dense_2d,2h|3a,tb_2h_3a_none,True,1809,57.32,OK_BYPASS,
vlarge_dense_hc,2h|3e,tb_2h_3e_none,True,2463,41.11,OK_BYPASS,
vlarge_extreme_1d,2h|3h,tb_2h_3h_none,True,3918,41.21,OK_BYPASS,
vlarge_unbal_hc,2d|3h,tb_2d_3h_none,True,826,55.67,OK_BYPASS,
large_bal_mesh,2d|3j,tb_2d_3j_none,True,437,37.79,OK_BYPASS,
max_dense_hc,2d|3i,tb_2d_3i_none,True,516,1364.5,OK_BYPASS,
large_dense_2d,2i|3c,tb_2i_3c_none,True,3775,49.31,OK_BYPASS,
large_extreme_1d,2j|3c,tb_2j_3c_none,True,996,23.07,OK_BYPASS,
large_mod_ring,2d|3j,tb_2d_3j_none,True,674,108.82,OK_BYPASS,
vlarge_mod_ring,2d|3i,tb_2d_3i_none,True,1171,274.01,OK_BYPASS,
med_bal_2d,2k|3i,tb_2k_3i_none,True,107,39.09,OK_BYPASS,
med_mod_fat,2i|3j,tb_2i_3j_none,True,876,39.0,OK_BYPASS,
med_mod_ring,2g|3a,tb_2g_3a_none,True,159,34.16,OK_BYPASS,
npow2_med_fat,2n|3a,tb_2n_3a_none,True,1324,37.11,OK_BYPASS,
small_bal_fat,2o|3e,tb_2o_3e_none,True,80,29.62,OK_BYPASS,
small_mod_2d,2p|3g,tb_2p_3g_none,True,68,22.91,OK_BYPASS,
max_unbal_fat,2h|3j,tb_2h_3j_none,True,3445,174.22,OK_BYPASS,
vlarge_bal_fat,2h|3e,tb_2h_3e_none,True,1107,133.72,OK_BYPASS,
vlarge_dense_2d,2h|3b,tb_2h_3b_none,True,1813,73.28,OK_BYPASS,
vlarge_bal_mesh,2d|3h,tb_2d_3h_none,True,684,268.49,OK_BYPASS,
vlarge_dense_hc,2h|3f,tb_2h_3f_none,True,2463,70.19,OK_BYPASS,
vlarge_extreme_1d,2h|3i,tb_2h_3i_none,True,3920,52.74,OK_BYPASS,
vlarge_unbal_hc,2d|3i,tb_2d_3i_none,True,827,83.04,OK_BYPASS,
large_bal_mesh,2f|3a,tb_2f_3a_none,True,4531,65.99,OK_BYPASS,
large_dense_2d,2i|3d,tb_2i_3d_none,True,3775,49.42,OK_BYPASS,
large_extreme_1d,2k|3a,tb_2k_3a_none,True,518,44.58,OK_BYPASS,
large_dense_hc,2i|3e,tb_2i_3e_none,True,2929,68.62,OK_BYPASS,
vlarge2_bal_fat,2h|3e,tb_2h_3e_none,True,1584,551.45,OK_BYPASS,
vlarge2_mod_ring,2d|3i,tb_2d_3i_none,True,1226,578.17,OK_BYPASS,
med_bal_2d,2l|3a,tb_2l_3a_none,True,124,28.85,OK_BYPASS,
med_mod_fat,2j|3c,tb_2j_3c_none,True,132,46.41,OK_BYPASS,
med_mod_ring,2g|3b,tb_2g_3b_none,True,159,48.49,OK_BYPASS,
max_unbal_fat,2i|3b,tb_2i_3b_none,True,9574,237.44,OK_BYPASS,
npow2_med_fat,2n|3e,tb_2n_3e_none,True,1324,24.24,OK_BYPASS,
small_bal_fat,2p|3a,tb_2p_3a_none,True,97,41.09,OK_BYPASS,
small_mod_2d,2p|3h,tb_2p_3h_none,True,68,47.17,OK_BYPASS,
vlarge_bal_fat,2h|3f,tb_2h_3f_none,True,1104,195.53,OK_BYPASS,
vlarge_dense_2d,2h|3c,tb_2h_3c_none,True,1811,92.97,OK_BYPASS,
vlarge_bal_mesh,2d|3i,tb_2d_3i_none,True,683,343.34,OK_BYPASS,
vlarge_dense_hc,2h|3g,tb_2h_3g_none,True,2463,70.23,OK_BYPASS,
vlarge_extreme_1d,2h|3j,tb_2h_3j_none,True,3919,37.41,OK_BYPASS,
vlarge_unbal_hc,2d|3j,tb_2d_3j_none,True,827,70.34,OK_BYPASS,
large_bal_mesh,2g|3a,tb_2g_3a_none,True,261,54.34,OK_BYPASS,
large_dense_2d,2i|3h,tb_2i_3h_none,True,3775,31.4,OK_BYPASS,
large_dense_hc,2i|3f,tb_2i_3f_none,True,2926,40.7,OK_BYPASS,
large_extreme_1d,2k|3b,tb_2k_3b_none,True,519,29.04,OK_BYPASS,
vlarge2_mod_ring,2d|3j,tb_2d_3j_none,True,1228,544.46,OK_BYPASS,
vlarge2_bal_fat,2h|3f,tb_2h_3f_none,True,1584,590.32,OK_BYPASS,
large_mod_ring,2g|3a,tb_2g_3a_none,True,341,118.21,OK_BYPASS,
max_unbal_fat,2i|3c,tb_2i_3c_none,True,9575,224.26,OK_BYPASS,
med_mod_fat,2j|3e,tb_2j_3e_none,True,132,45.57,OK_BYPASS,
med_mod_ring,2g|3c,tb_2g_3c_none,True,168,58.02,OK_BYPASS,
npow2_med_fat,2o|3a,tb_2o_3a_none,True,202,26.67,OK_BYPASS,
small_bal_fat,2p|3d,tb_2p_3d_none,True,97,16.85,OK_BYPASS,
small_mod_2d,2q|3a,tb_2q_3a_none,True,153,22.74,OK_BYPASS,
vlarge_bal_fat,2h|3h,tb_2h_3h_none,True,1100,89.89,OK_BYPASS,
vlarge_bal_mesh,2d|3j,tb_2d_3j_none,True,684,135.6,OK_BYPASS,
vlarge_dense_hc,2h|3h,tb_2h_3h_none,True,2464,30.15,OK_BYPASS,
vlarge_extreme_1d,2i|3a,tb_2i_3a_none,True,11796,26.29,OK_BYPASS,
vlarge2_bal_fat,2h|3h,tb_2h_3h_none,True,1585,230.94,OK_BYPASS,
large_bal_mesh,2h|3a,tb_2h_3a_none,True,912,31.42,OK_BYPASS,
large_dense_2d,2i|3j,tb_2i_3j_none,True,3775,29.88,OK_BYPASS,
large_dense_hc,2i|3g,tb_2i_3g_none,True,2930,22.06,OK_BYPASS,
large_extreme_1d,2k|3c,tb_2k_3c_none,True,519,20.95,OK_BYPASS,
max_dense_hc,2g|3a,tb_2g_3a_none,True,399,607.2,OK_BYPASS,
large_mod_ring,2g|3b,tb_2g_3b_none,True,341,68.98,OK_BYPASS,
vlarge_mod_ring,2g|3a,tb_2g_3a_none,True,1109,186.31,OK_BYPASS,
med_bal_2d,2n|3a,tb_2n_3a_none,True,485,17.54,OK_BYPASS,
med_mod_fat,2k|3e,tb_2k_3e_none,True,123,20.5,OK_BYPASS,
npow2_med_fat,2o|3e,tb_2o_3e_none,True,202,17.39,OK_BYPASS,
small_bal_fat,2p|3e,tb_2p_3e_none,True,97,19.55,OK_BYPASS,
small_mod_2d,2q|3f,tb_2q_3f_none,True,153,22.64,OK_BYPASS,
vlarge_dense_2d,2h|3e,tb_2h_3e_none,True,1818,36.86,OK_BYPASS,
vlarge_bal_fat,2h|3j,tb_2h_3j_none,True,1103,65.9,OK_BYPASS,
vlarge_dense_hc,2h|3i,tb_2h_3i_none,True,2463,28.05,OK_BYPASS,
vlarge_extreme_1d,2i|3b,tb_2i_3b_none,True,11796,28.61,OK_BYPASS,
vlarge_unbal_hc,2g|3i,tb_2g_3i_none,True,545,41.12,OK_BYPASS,
large_bal_mesh,2h|3b,tb_2h_3b_none,True,912,39.32,OK_BYPASS,
large_dense_2d,2j|3c,tb_2j_3c_none,True,526,25.04,OK_BYPASS,
large_dense_hc,2i|3h,tb_2i_3h_none,True,2927,22.27,OK_BYPASS,
vlarge2_mod_ring,2g|3a,tb_2g_3a_none,True,707,235.96,OK_BYPASS,
large_extreme_1d,2l|3a,tb_2l_3a_none,True,964,15.98,OK_BYPASS,
max_dense_hc,2g|3b,tb_2g_3b_none,True,398,476.35,OK_BYPASS,
large_mod_ring,2g|3c,tb_2g_3c_none,True,341,62.2,OK_BYPASS,
med_bal_2d,2o|3a,tb_2o_3a_none,True,111,17.31,OK_BYPASS,
med_mod_fat,2k|3i,tb_2k_3i_none,True,123,18.08,OK_BYPASS,
max_unbal_fat,2i|3e,tb_2i_3e_none,True,9583,120.76,OK_BYPASS,
med_mod_ring,2g|3e,tb_2g_3e_none,True,159,19.69,OK_BYPASS,
npow2_med_fat,2p|3a,tb_2p_3a_none,True,329,16.52,OK_BYPASS,
small_bal_fat,2q|3a,tb_2q_3a_none,True,119,14.63,OK_BYPASS,
small_mod_2d,2q|3i,tb_2q_3i_none,True,153,16.12,OK_BYPASS,
vlarge_bal_fat,2i|3b,tb_2i_3b_none,True,4113,73.49,OK_BYPASS,
vlarge_bal_mesh,2g|3a,tb_2g_3a_none,True,389,107.87,OK_BYPASS,
vlarge2_mod_ring,2g|3b,tb_2g_3b_none,True,711,209.74,OK_BYPASS,
vlarge_dense_2d,2h|3f,tb_2h_3f_none,True,1812,25.62,OK_BYPASS,
vlarge_dense_hc,2h|3j,tb_2h_3j_none,True,2463,22.79,OK_BYPASS,
vlarge_extreme_1d,2i|3c,tb_2i_3c_none,True,11795,23.36,OK_BYPASS,
vlarge2_bal_fat,2i|3a,tb_2i_3a_none,True,4369,247.53,OK_BYPASS,
max_dense_hc,2g|3c,tb_2g_3c_none,True,398,418.08,OK_BYPASS,
vlarge_unbal_hc,2h|3a,tb_2h_3a_none,True,2636,32.74,OK_BYPASS,
large_bal_mesh,2h|3c,tb_2h_3c_none,True,912,27.94,OK_BYPASS,
large_dense_2d,2k|3h,tb_2k_3h_none,True,287,15.89,OK_BYPASS,
large_dense_hc,2i|3i,tb_2i_3i_none,True,2931,19.64,OK_BYPASS,
large_extreme_1d,2m|3a,tb_2m_3a_none,True,2053,17.41,OK_BYPASS,
vlarge_mod_ring,2g|3e,tb_2g_3e_none,True,1113,165.7,OK_BYPASS,
med_bal_2d,2p|3a,tb_2p_3a_none,True,160,19.99,OK_BYPASS,
med_mod_fat,2l|3a,tb_2l_3a_none,True,64,21.65,OK_BYPASS,
med_mod_ring,2g|3f,tb_2g_3f_none,True,159,22.5,OK_BYPASS,
max_unbal_fat,2i|3f,tb_2i_3f_none,True,9575,130.78,OK_BYPASS,
npow2_med_fat,2p|3d,tb_2p_3d_none,True,329,16.48,OK_BYPASS,
small_bal_fat,2q|3e,tb_2q_3e_none,True,119,15.2,OK_BYPASS,
small_mod_2d,2r|3a,tb_2r_3a_none,True,132,17.23,OK_BYPASS,
vlarge_bal_fat,2i|3c,tb_2i_3c_none,True,4113,69.4,OK_BYPASS,
vlarge_bal_mesh,2g|3b,tb_2g_3b_none,True,386,115.25,OK_BYPASS,
vlarge_dense_2d,2h|3g,tb_2h_3g_none,True,1813,33.36,OK_BYPASS,
vlarge2_mod_ring,2g|3c,tb_2g_3c_none,True,718,230.61,OK_BYPASS,
vlarge_dense_hc,2i|3a,tb_2i_3a_none,True,6467,31.7,OK_BYPASS,
vlarge2_bal_fat,2i|3b,tb_2i_3b_none,True,4369,260.27,OK_BYPASS,
vlarge_extreme_1d,2i|3d,tb_2i_3d_none,True,11796,25.98,OK_BYPASS,
vlarge_unbal_hc,2h|3b,tb_2h_3b_none,True,2639,40.01,OK_BYPASS,
large_extreme_1d,2m|3b,tb_2m_3b_none,True,2080,17.87,OK_BYPASS,
large_dense_hc,2i|3j,tb_2i_3j_none,True,2933,22.58,OK_BYPASS,
large_mod_ring,2g|3e,tb_2g_3e_none,True,341,81.42,OK_BYPASS,
vlarge_mod_ring,2g|3f,tb_2g_3f_none,True,1114,214.43,OK_BYPASS,
med_bal_2d,2p|3b,tb_2p_3b_none,True,160,23.87,OK_BYPASS,
med_mod_fat,2l|3e,tb_2l_3e_none,True,64,23.54,OK_BYPASS,
npow2_med_fat,2p|3e,tb_2p_3e_none,True,329,45.37,OK_BYPASS,
small_bal_fat,2r|3a,tb_2r_3a_none,True,148,33.6,OK_BYPASS,
small_mod_2d,2r|3b,tb_2r_3b_none,True,132,42.31,OK_BYPASS,
max_dense_hc,2g|3e,tb_2g_3e_none,True,398,706.84,OK_BYPASS,
vlarge2_bal_fat,2i|3c,tb_2i_3c_none,True,4369,518.81,OK_BYPASS,
vlarge_dense_2d,2h|3h,tb_2h_3h_none,True,1818,34.56,OK_BYPASS,
vlarge_dense_hc,2i|3b,tb_2i_3b_none,True,6474,36.18,OK_BYPASS,
vlarge_extreme_1d,2i|3e,tb_2i_3e_none,True,11797,32.11,OK_BYPASS,
vlarge_bal_mesh,2g|3c,tb_2g_3c_none,True,392,123.58,OK_BYPASS,
vlarge_unbal_hc,2h|3c,tb_2h_3c_none,True,2642,47.53,OK_BYPASS,
large_bal_mesh,2h|3e,tb_2h_3e_none,True,912,31.69,OK_BYPASS,
large_dense_2d,2l|3a,tb_2l_3a_none,True,484,23.69,OK_BYPASS,
large_dense_hc,2j|3c,tb_2j_3c_none,True,302,29.68,OK_BYPASS,
large_extreme_1d,2m|3d,tb_2m_3d_none,True,2067,24.51,OK_BYPASS,
large_mod_ring,2g|3f,tb_2g_3f_none,True,346,73.62,OK_BYPASS,
max_unbal_fat,2i|3h,tb_2i_3h_none,True,9574,141.19,OK_BYPASS,
med_bal_2d,2q|3i,tb_2q_3i_none,True,188,23.62,OK_BYPASS,
med_mod_fat,2m|3a,tb_2m_3a_none,True,93,33.25,OK_BYPASS,
max_dense_hc,2g|3f,tb_2g_3f_none,True,398,579.87,OK_BYPASS,
med_mod_ring,2g|3i,tb_2g_3i_none,True,159,38.52,OK_BYPASS,
npow2_med_fat,2q|3a,tb_2q_3a_none,True,305,27.87,OK_BYPASS,
small_bal_fat,2r|3b,tb_2r_3b_none,True,150,23.46,OK_BYPASS,
small_mod_2d,2r|3d,tb_2r_3d_none,True,132,28.66,OK_BYPASS,
med_dense_mesh,2a|3a,tb_2a_3a_none,True,437,22.66,OK_BYPASS,
large_unbal_torus,2a|3a,tb_2a_3a_none,True,463,34.41,OK_BYPASS,
npow2_small_torus,2a|3a,tb_2a_3a_none,True,377,16.75,OK_BYPASS,
npow2_tiny_hc,2a|3a,tb_2a_3a_none,True,153,15.7,OK_BYPASS,
npow2g_small_mesh,2a|3a,tb_2a_3a_none,True,102,13.78,OK_BYPASS,
med_full_torus,2a|3a,tb_2a_3a_none,True,62,72.53,OK_BYPASS,
vlarge2_dense_2d,2a|3a,tb_2a_3a_none,True,1082,81.42,OK_BYPASS,
large_unbal_torus,2a|3b,tb_2a_3b_none,True,467,28.51,OK_BYPASS,
med_dense_mesh,2a|3b,tb_2a_3b_none,True,437,14.94,OK_BYPASS,
med_full_torus,2a|3b,tb_2a_3b_none,True,62,70.25,OK_BYPASS,
npow2_small_torus,2a|3c,tb_2a_3c_none,True,377,15.73,OK_BYPASS,
npow2_tiny_hc,2b|3a,tb_2b_3a_none,True,64,15.08,OK_BYPASS,
npow2g_small_mesh,2a|3b,tb_2a_3b_none,True,102,15.03,OK_BYPASS,
vlarge2_dense_2d,2a|3b,tb_2a_3b_none,True,1082,80.34,OK_BYPASS,
large_unbal_torus,2a|3c,tb_2a_3c_none,True,475,34.06,OK_BYPASS,
med_dense_mesh,2a|3g,tb_2a_3g_none,True,436,18.44,OK_BYPASS,
npow2g_small_mesh,2a|3c,tb_2a_3c_none,True,102,17.93,OK_BYPASS,
npow2_tiny_hc,2c|3a,tb_2c_3a_none,True,64,19.3,OK_BYPASS,
npow2_small_torus,2a|3e,tb_2a_3e_none,True,377,19.93,OK_BYPASS,
med_full_torus,2a|3c,tb_2a_3c_none,True,62,83.08,OK_BYPASS,
vlarge2_dense_2d,2a|3c,tb_2a_3c_none,True,1088,116.35,OK_BYPASS,
large_unbal_torus,2a|3e,tb_2a_3e_none,True,466,45.54,OK_BYPASS,
med_dense_mesh,2a|3h,tb_2a_3h_none,True,436,21.4,OK_BYPASS,
npow2_tiny_hc,2d|3a,tb_2d_3a_none,True,122,19.99,OK_BYPASS,
npow2_small_torus,2b|3a,tb_2b_3a_none,True,124,24.76,OK_BYPASS,
npow2g_small_mesh,2b|3a,tb_2b_3a_none,True,34,20.42,OK_BYPASS,
large_unbal_torus,2a|3f,tb_2a_3f_none,True,469,43.86,OK_BYPASS,
npow2_small_torus,2c|3a,tb_2c_3a_none,True,5,19.33,OK_BYPASS,
npow2_tiny_hc,2f|3a,tb_2f_3a_none,True,263,18.0,OK_BYPASS,
npow2g_small_mesh,2c|3a,tb_2c_3a_none,True,27,16.94,OK_BYPASS,
med_full_torus,2a|3e,tb_2a_3e_none,True,62,94.3,OK_BYPASS,
vlarge2_dense_2d,2a|3e,tb_2a_3e_none,True,1082,114.81,OK_BYPASS,
large_unbal_torus,2a|3g,tb_2a_3g_none,True,465,35.0,OK_BYPASS,
med_dense_mesh,2c|3f,tb_2c_3f_none,True,135,18.77,OK_BYPASS,
npow2_small_torus,2d|3a,tb_2d_3a_none,True,224,19.21,OK_BYPASS,
npow2_tiny_hc,2g|3a,tb_2g_3a_none,True,133,17.46,OK_BYPASS,
med_full_torus,2a|3f,tb_2a_3f_none,True,62,84.89,OK_BYPASS,
npow2g_small_mesh,2d|3a,tb_2d_3a_none,True,84,18.23,OK_BYPASS,
vlarge2_dense_2d,2a|3f,tb_2a_3f_none,True,1087,108.72,OK_BYPASS,
med_full_torus,2a|3g,tb_2a_3g_none,True,62,80.59,OK_BYPASS,
npow2_small_torus,2d|3b,tb_2d_3b_none,True,224,19.83,OK_BYPASS,
npow2_tiny_hc,2g|3b,tb_2g_3b_none,True,131,17.2,OK_BYPASS,
npow2g_small_mesh,2f|3a,tb_2f_3a_none,True,163,17.1,OK_BYPASS,
vlarge2_dense_2d,2a|3g,tb_2a_3g_none,True,1088,111.78,OK_BYPASS,
large_unbal_torus,2a|3i,tb_2a_3i_none,True,475,35.76,OK_BYPASS,
med_dense_mesh,2d|3a,tb_2d_3a_none,True,269,18.94,OK_BYPASS,
med_full_torus,2a|3h,tb_2a_3h_none,True,62,83.42,OK_BYPASS,
npow2_small_torus,2d|3c,tb_2d_3c_none,True,224,20.55,OK_BYPASS,
npow2_tiny_hc,2g|3g,tb_2g_3g_none,True,132,17.35,OK_BYPASS,
npow2g_small_mesh,2g|3a,tb_2g_3a_none,True,71,18.31,OK_BYPASS,
vlarge2_dense_2d,2a|3h,tb_2a_3h_none,True,1086,99.0,OK_BYPASS,
large_unbal_torus,2a|3j,tb_2a_3j_none,True,471,42.88,OK_BYPASS,
med_dense_mesh,2f|3a,tb_2f_3a_none,True,1031,20.82,OK_BYPASS,
npow2_small_torus,2f|3a,tb_2f_3a_none,True,498,23.0,OK_BYPASS,
npow2_tiny_hc,2g|3h,tb_2g_3h_none,True,132,18.28,OK_BYPASS,
npow2g_small_mesh,2h|3a,tb_2h_3a_none,True,131,16.4,OK_BYPASS,
med_full_torus,2a|3i,tb_2a_3i_none,True,62,99.92,OK_BYPASS,
vlarge2_dense_2d,2a|3i,tb_2a_3i_none,True,1077,111.43,OK_BYPASS,
large_unbal_torus,2b|3b,tb_2b_3b_none,True,124,35.34,OK_BYPASS,
npow2_tiny_hc,2h|3a,tb_2h_3a_none,True,275,20.51,OK_BYPASS,
npow2_small_torus,2g|3a,tb_2g_3a_none,True,191,24.06,OK_BYPASS,
npow2g_small_mesh,2i|3a,tb_2i_3a_none,True,175,20.02,OK_BYPASS,
med_full_torus,2a|3j,tb_2a_3j_none,True,62,100.92,OK_BYPASS,
vlarge2_dense_2d,2a|3j,tb_2a_3j_none,True,1089,157.46,OK_BYPASS,
large_unbal_torus,2b|3c,tb_2b_3c_none,True,124,36.51,OK_BYPASS,
med_dense_mesh,2g|3e,tb_2g_3e_none,True,289,18.9,OK_BYPASS,
med_full_torus,2b|3a,tb_2b_3a_none,True,12,82.18,OK_BYPASS,
npow2_small_torus,2h|3a,tb_2h_3a_none,True,435,18.65,OK_BYPASS,
npow2_tiny_hc,2i|3a,tb_2i_3a_none,True,417,17.31,OK_BYPASS,
npow2g_small_mesh,2j|3a,tb_2j_3a_none,True,59,17.02,OK_BYPASS,
vlarge2_dense_2d,2b|3a,tb_2b_3a_none,True,124,91.84,OK_BYPASS,
large_unbal_torus,2b|3d,tb_2b_3d_none,True,124,33.88,OK_BYPASS,
med_dense_mesh,2g|3f,tb_2g_3f_none,True,289,17.69,OK_BYPASS,
med_full_torus,2b|3b,tb_2b_3b_none,True,12,81.63,OK_BYPASS,
npow2_tiny_hc,2i|3b,tb_2i_3b_none,True,417,17.2,OK_BYPASS,
npow2_small_torus,2h|3c,tb_2h_3c_none,True,435,20.55,OK_BYPASS,
npow2g_small_mesh,2k|3a,tb_2k_3a_none,True,79,17.28,OK_BYPASS,
vlarge2_dense_2d,2b|3b,tb_2b_3b_none,True,124,122.05,OK_BYPASS,
large_unbal_torus,2b|3e,tb_2b_3e_none,True,124,40.17,OK_BYPASS,
maxp_dense_hc,2b|3d,tb_2b_3d_none,True,64,0.0,OK_BYPASS,REUSED_FROM_PREV:tb_2e_3b_none
maxp_dense_hc,2o|3a,tb_2o_3a_none,True,173,0.0,OK_BYPASS,REUSED_FROM_PREV:tb_2o_3a_none
maxp_dense_hc,2b|3c,tb_2b_3c_none,True,64,0.0,OK_BYPASS,REUSED_FROM_PREV:tb_2e_3c_none
maxp_dense_hc,2b|3f,tb_2b_3f_none,True,64,0.0,OK_BYPASS,REUSED_FROM_PREV:tb_2b_3f_none
maxp_dense_hc,2b|3g,tb_2b_3g_none,True,64,0.0,OK_BYPASS,REUSED_FROM_PREV:tb_2e_3g_none
maxp_dense_hc,2b|3a,tb_2b_3a_none,True,64,0.0,OK_BYPASS,REUSED_FROM_PREV:tb_2e_3a_none
maxp_dense_hc,2b|3h,tb_2b_3h_none,True,64,0.0,OK_BYPASS,REUSED_FROM_PREV:tb_2e_3h_none
maxp_dense_hc,2o|3h,tb_2o_3h_none,True,173,0.0,OK_BYPASS,REUSED_FROM_PREV:tb_2o_3h_none
maxp_dense_hc,2p|3d,tb_2p_3d_none,True,240,0.0,OK_BYPASS,REUSED_FROM_PREV:tb_2p_3d_none
maxp_dense_hc,2p|3e,tb_2p_3e_none,True,240,0.0,OK_BYPASS,REUSED_FROM_PREV:tb_2p_3e_none
maxp_dense_hc,2p|3c,tb_2p_3c_none,True,238,0.0,OK_BYPASS,REUSED_FROM_PREV:tb_2p_3c_none
maxp_dense_hc,2k|3a,tb_2k_3a_none,True,235,0.0,OK_BYPASS,REUSED_FROM_PREV:tb_2k_3a_none
maxp_dense_hc,2k|3c,tb_2k_3c_none,True,235,0.0,OK_BYPASS,REUSED_FROM_PREV:tb_2k_3c_none
maxp_dense_hc,2p|3g,tb_2p_3g_none,True,239,0.0,OK_BYPASS,REUSED_FROM_PREV:tb_2p_3g_none
maxp_dense_hc,2k|3b,tb_2k_3b_none,True,235,0.0,OK_BYPASS,REUSED_FROM_PREV:tb_2k_3b_none
maxp_dense_hc,2k|3i,tb_2k_3i_none,True,235,0.0,OK_BYPASS,REUSED_FROM_PREV:tb_2k_3i_none
maxp_dense_hc,2k|3f,tb_2k_3f_none,True,236,0.0,OK_BYPASS,REUSED_FROM_PREV:tb_2k_3f_none
maxp_dense_hc,2j|3c,tb_2j_3c_none,True,256,0.0,OK_BYPASS,REUSED_FROM_PREV:tb_2j_3c_none
maxp_dense_hc,2p|3f,tb_2p_3f_none,True,240,0.0,OK_BYPASS,REUSED_FROM_PREV:tb_2p_3f_none
maxp_dense_hc,2l|3g,tb_2l_3g_none,True,124,0.0,OK_BYPASS,REUSED_FROM_PREV:tb_2l_3g_none
maxp_dense_hc,2p|3h,tb_2p_3h_none,True,238,0.0,OK_BYPASS,REUSED_FROM_PREV:tb_2p_3h_none
maxp_dense_hc,2l|3b,tb_2l_3b_none,True,124,0.0,OK_BYPASS,REUSED_FROM_PREV:tb_2l_3b_none
maxp_dense_hc,2l|3d,tb_2l_3d_none,True,124,0.0,OK_BYPASS,REUSED_FROM_PREV:tb_2l_3e_none
maxp_dense_hc,2l|3f,tb_2l_3f_none,True,124,0.0,OK_BYPASS,REUSED_FROM_PREV:tb_2l_3f_none
maxp_dense_hc,2l|3c,tb_2l_3c_none,True,124,0.0,OK_BYPASS,REUSED_FROM_PREV:tb_2l_3c_none
maxp_dense_hc,2k|3h,tb_2k_3h_none,True,235,0.0,OK_BYPASS,REUSED_FROM_PREV:tb_2k_3h_none
maxp_dense_hc,2g|3g,tb_2g_3g_none,True,352,0.0,OK_BYPASS,REUSED_FROM_PREV:tb_2g_3g_none
maxp_dense_hc,2g|3h,tb_2g_3h_none,True,350,0.0,OK_BYPASS,REUSED_FROM_PREV:tb_2g_3h_none
maxp_dense_hc,2g|3c,tb_2g_3c_none,True,352,0.0,OK_BYPASS,REUSED_FROM_PREV:tb_2g_3c_none
maxp_dense_hc,2c|3i,tb_2c_3i_none,True,172,0.0,OK_BYPASS,REUSED_FROM_PREV:tb_2c_3i_none
maxp_dense_hc,2c|3e,tb_2c_3e_none,True,172,0.0,OK_BYPASS,REUSED_FROM_PREV:tb_2c_3e_none
maxp_dense_hc,2c|3b,tb_2c_3b_none,True,172,0.0,OK_BYPASS,REUSED_FROM_PREV:tb_2c_3b_none
maxp_dense_hc,2c|3f,tb_2c_3f_none,True,172,0.0,OK_BYPASS,REUSED_FROM_PREV:tb_2c_3f_none
maxp_dense_hc,2c|3c,tb_2c_3c_none,True,172,0.0,OK_BYPASS,REUSED_FROM_PREV:tb_2c_3c_none
maxp_dense_hc,2c|3g,tb_2c_3g_none,True,172,0.0,OK_BYPASS,REUSED_FROM_PREV:tb_2c_3g_none
maxp_dense_hc,2c|3a,tb_2c_3a_none,True,172,0.0,OK_BYPASS,REUSED_FROM_PREV:tb_2c_3a_none
maxp_dense_hc,2a|3a,tb_2a_3a_none,True,570,0.0,OK_BYPASS,REUSED_FROM_PREV:tb_2a_3a_none
maxp_dense_hc,2a|3e,tb_2a_3e_none,True,570,0.0,OK_BYPASS,REUSED_FROM_PREV:tb_2a_3e_none
maxp_dense_hc,2a|3i,tb_2a_3i_none,True,572,0.0,OK_BYPASS,REUSED_FROM_PREV:tb_2a_3i_none
maxp_dense_hc,2a|3b,tb_2a_3b_none,True,570,0.0,OK_BYPASS,REUSED_FROM_PREV:tb_2a_3b_none
maxp_dense_hc,2d|3a,tb_2d_3a_none,True,594,0.0,OK_BYPASS,REUSED_FROM_PREV:tb_2d_3a_none
maxp_dense_hc,2d|3c,tb_2d_3c_none,True,594,0.0,OK_BYPASS,REUSED_FROM_PREV:tb_2d_3c_none
maxp_dense_hc,2d|3b,tb_2d_3b_none,True,594,0.0,OK_BYPASS,REUSED_FROM_PREV:tb_2d_3d_none
maxp_dense_hc,2d|3f,tb_2d_3f_none,True,594,0.0,OK_BYPASS,REUSED_FROM_PREV:tb_2d_3f_none
maxp_dense_hc,2d|3g,tb_2d_3g_none,True,594,0.0,OK_BYPASS,REUSED_FROM_PREV:tb_2d_3g_none
maxp_dense_hc,2d|3i,tb_2d_3i_none,True,594,0.0,OK_BYPASS,REUSED_FROM_PREV:tb_2d_3i_none
maxp_dense_hc,2d|3h,tb_2d_3h_none,True,594,0.0,OK_BYPASS,REUSED_FROM_PREV:tb_2d_3h_none
maxp_dense_hc,2a|3h,tb_2a_3h_none,True,571,0.0,OK_BYPASS,REUSED_FROM_PREV:tb_2a_3h_none
maxp_dense_hc,2r|3a,tb_2r_3a_none,True,1343,0.0,OK_BYPASS,REUSED_FROM_PREV:tb_2r_3a_none
maxp_dense_hc,2q|3e,tb_2q_3e_none,True,1139,0.0,OK_BYPASS,REUSED_FROM_PREV:tb_2q_3e_none
maxp_dense_hc,2q|3b,tb_2q_3b_none,True,1134,0.0,OK_BYPASS,REUSED_FROM_PREV:tb_2q_3b_none
maxp_dense_hc,2q|3f,tb_2q_3f_none,True,1134,0.0,OK_BYPASS,REUSED_FROM_PREV:tb_2q_3f_none
maxp_dense_hc,2q|3i,tb_2q_3i_none,True,1134,0.0,OK_BYPASS,REUSED_FROM_PREV:tb_2q_3i_none
maxp_dense_hc,2q|3c,tb_2q_3c_none,True,1134,0.0,OK_BYPASS,REUSED_FROM_PREV:tb_2q_3c_none
maxp_dense_hc,2q|3a,tb_2q_3a_none,True,1134,0.0,OK_BYPASS,REUSED_FROM_PREV:tb_2q_3a_none
maxp_dense_hc,2q|3g,tb_2q_3g_none,True,1134,0.0,OK_BYPASS,REUSED_FROM_PREV:tb_2q_3g_none
maxp_dense_hc,2r|3e,tb_2r_3e_none,True,1343,0.0,OK_BYPASS,REUSED_FROM_PREV:tb_2r_3e_none
maxp_dense_hc,2r|3b,tb_2r_3b_none,True,1342,0.0,OK_BYPASS,REUSED_FROM_PREV:tb_2r_3b_none
maxp_dense_hc,2r|3c,tb_2r_3c_none,True,1342,0.0,OK_BYPASS,REUSED_FROM_PREV:tb_2r_3c_none
maxp_dense_hc,2r|3g,tb_2r_3g_none,True,1341,0.0,OK_BYPASS,REUSED_FROM_PREV:tb_2r_3g_none
maxp_dense_hc,2n|3e,tb_2n_3e_none,True,1424,0.0,OK_BYPASS,REUSED_FROM_PREV:tb_2n_3e_none
maxp_dense_hc,2n|3a,tb_2n_3a_none,True,1424,0.0,OK_BYPASS,REUSED_FROM_PREV:tb_2n_3a_none
maxp_dense_hc,2n|3b,tb_2n_3b_none,True,1424,0.0,OK_BYPASS,REUSED_FROM_PREV:tb_2n_3d_none
maxp_dense_hc,2r|3f,tb_2r_3f_none,True,1342,0.0,OK_BYPASS,REUSED_FROM_PREV:tb_2r_3f_none
maxp_dense_hc,2r|3i,tb_2r_3i_none,True,1343,0.0,OK_BYPASS,REUSED_FROM_PREV:tb_2r_3i_none
maxp_dense_hc,2n|3i,tb_2n_3i_none,True,1425,0.0,OK_BYPASS,REUSED_FROM_PREV:tb_2n_3i_none
maxp_dense_hc,2n|3g,tb_2n_3g_none,True,1427,0.0,OK_BYPASS,REUSED_FROM_PREV:tb_2n_3g_none
maxp_dense_hc,2n|3f,tb_2n_3f_none,True,1423,0.0,OK_BYPASS,REUSED_FROM_PREV:tb_2n_3f_none
maxp_dense_hc,2n|3c,tb_2n_3c_none,True,1424,0.0,OK_BYPASS,REUSED_FROM_PREV:tb_2n_3c_none
maxp_dense_hc,2n|3h,tb_2n_3h_none,True,1427,0.0,OK_BYPASS,REUSED_FROM_PREV:tb_2n_3h_none
maxp_dense_hc,2r|3h,tb_2r_3h_none,True,1345,0.0,OK_BYPASS,REUSED_FROM_PREV:tb_2r_3h_none
maxp_dense_hc,2h|3e,tb_2h_3e_none,True,2052,0.0,OK_BYPASS,REUSED_FROM_PREV:tb_2h_3e_none
maxp_dense_hc,2h|3b,tb_2h_3b_none,True,2052,0.0,OK_BYPASS,REUSED_FROM_PREV:tb_2h_3b_none
maxp_dense_hc,2h|3i,tb_2h_3i_none,True,2050,0.0,OK_BYPASS,REUSED_FROM_PREV:tb_2h_3i_none
maxp_dense_hc,2h|3f,tb_2h_3f_none,True,2056,0.0,OK_BYPASS,REUSED_FROM_PREV:tb_2h_3f_none
maxp_dense_hc,2h|3a,tb_2h_3a_none,True,2043,0.0,OK_BYPASS,REUSED_FROM_PREV:tb_2h_3a_none
maxp_dense_hc,2h|3c,tb_2h_3c_none,True,2056,0.0,OK_BYPASS,REUSED_FROM_PREV:tb_2h_3c_none
maxp_dense_hc,2h|3h,tb_2h_3h_none,True,2056,0.0,OK_BYPASS,REUSED_FROM_PREV:tb_2h_3h_none
maxp_dense_hc,2h|3g,tb_2h_3g_none,True,2051,0.0,OK_BYPASS,REUSED_FROM_PREV:tb_2h_3g_none
maxp_dense_hc,2i|3b,tb_2i_3b_none,True,8919,0.0,OK_BYPASS,REUSED_FROM_PREV:tb_2i_3b_none
maxp_dense_hc,2i|3i,tb_2i_3i_none,True,8919,0.0,OK_BYPASS,REUSED_FROM_PREV:tb_2i_3i_none
maxp_dense_hc,2i|3f,tb_2i_3f_none,True,8922,0.0,OK_BYPASS,REUSED_FROM_PREV:tb_2i_3f_none
maxp_dense_hc,2i|3h,tb_2i_3h_none,True,8919,0.0,OK_BYPASS,REUSED_FROM_PREV:tb_2i_3h_none
maxp_dense_hc,2i|3g,tb_2i_3g_none,True,8919,0.0,OK_BYPASS,REUSED_FROM_PREV:tb_2i_3g_none
maxp_dense_hc,2i|3c,tb_2i_3c_none,True,8922,0.0,OK_BYPASS,REUSED_FROM_PREV:tb_2i_3c_none
maxp_dense_hc,2i|3a,tb_2i_3a_none,True,8919,0.0,OK_BYPASS,REUSED_FROM_PREV:tb_2i_3a_none
maxp_dense_hc,2f|3a,tb_2f_3a_none,False,20009,0.0,SIM_TB_TIMEOUT_BYPASS,REUSED_FROM_PREV:tb_2f_3c_none
maxp_bal_2d,2b|3b,tb_2b_3b_none,True,34,0.0,OK_BYPASS,REUSED_FROM_PREV:tb_2e_3b_none
maxp_bal_2d,2b|3e,tb_2b_3e_none,True,34,0.0,OK_BYPASS,REUSED_FROM_PREV:tb_2b_3e_none
maxp_bal_2d,2p|3b,tb_2p_3b_none,True,465,0.0,OK_BYPASS,REUSED_FROM_PREV:tb_2p_3b_none
maxp_bal_2d,2p|3i,tb_2p_3i_none,True,465,0.0,OK_BYPASS,REUSED_FROM_PREV:tb_2p_3i_none
maxp_bal_2d,2p|3e,tb_2p_3e_none,True,465,0.0,OK_BYPASS,REUSED_FROM_PREV:tb_2p_3e_none
maxp_bal_2d,2o|3i,tb_2o_3i_none,True,446,0.0,OK_BYPASS,REUSED_FROM_PREV:tb_2o_3i_none
maxp_bal_2d,2o|3e,tb_2o_3e_none,True,446,0.0,OK_BYPASS,REUSED_FROM_PREV:tb_2o_3e_none
maxp_bal_2d,2o|3b,tb_2o_3b_none,True,446,0.0,OK_BYPASS,REUSED_FROM_PREV:tb_2o_3b_none
maxp_bal_2d,2l|3f,tb_2l_3f_none,True,64,0.0,OK_BYPASS,REUSED_FROM_PREV:tb_2l_3f_none
maxp_bal_2d,2l|3e,tb_2l_3e_none,True,64,0.0,OK_BYPASS,REUSED_FROM_PREV:tb_2l_3e_none
maxp_bal_2d,2l|3b,tb_2l_3b_none,True,64,0.0,OK_BYPASS,REUSED_FROM_PREV:tb_2l_3b_none
maxp_bal_2d,2l|3i,tb_2l_3i_none,True,64,0.0,OK_BYPASS,REUSED_FROM_PREV:tb_2l_3i_none
maxp_bal_2d,2l|3c,tb_2l_3c_none,True,64,0.0,OK_BYPASS,REUSED_FROM_PREV:tb_2l_3c_none
maxp_bal_2d,2l|3a,tb_2l_3a_none,True,64,0.0,OK_BYPASS,REUSED_FROM_PREV:tb_2l_3a_none
maxp_bal_2d,2l|3g,tb_2l_3g_none,True,64,0.0,OK_BYPASS,REUSED_FROM_PREV:tb_2l_3g_none
maxp_bal_2d,2l|3h,tb_2l_3h_none,True,64,0.0,OK_BYPASS,REUSED_FROM_PREV:tb_2l_3h_none
maxp_bal_2d,2o|3f,tb_2o_3f_none,True,446,0.0,OK_BYPASS,REUSED_FROM_PREV:tb_2o_3f_none
maxp_bal_2d,2o|3c,tb_2o_3c_none,True,446,0.0,OK_BYPASS,REUSED_FROM_PREV:tb_2o_3c_none
maxp_bal_2d,2o|3g,tb_2o_3g_none,True,446,0.0,OK_BYPASS,REUSED_FROM_PREV:tb_2o_3g_none
maxp_bal_2d,2p|3g,tb_2p_3g_none,True,465,0.0,OK_BYPASS,REUSED_FROM_PREV:tb_2p_3g_none
maxp_bal_2d,2b|3g,tb_2b_3g_none,True,34,0.0,OK_BYPASS,REUSED_FROM_PREV:tb_2e_3g_none
maxp_bal_2d,2b|3f,tb_2b_3f_none,True,34,0.0,OK_BYPASS,REUSED_FROM_PREV:tb_2b_3f_none
maxp_bal_2d,2b|3c,tb_2b_3c_none,True,34,0.0,OK_BYPASS,REUSED_FROM_PREV:tb_2b_3c_none
maxp_bal_2d,2p|3c,tb_2p_3c_none,True,465,0.0,OK_BYPASS,REUSED_FROM_PREV:tb_2p_3c_none
maxp_bal_2d,2p|3h,tb_2p_3h_none,True,465,0.0,OK_BYPASS,REUSED_FROM_PREV:tb_2p_3h_none
maxp_bal_2d,2g|3b,tb_2g_3b_none,True,600,0.0,OK_BYPASS,REUSED_FROM_PREV:tb_2g_3b_none
maxp_bal_2d,2b|3h,tb_2b_3h_none,True,34,0.0,OK_BYPASS,REUSED_FROM_PREV:tb_2e_3h_none
maxp_bal_2d,2b|3a,tb_2b_3a_none,True,34,0.0,OK_BYPASS,REUSED_FROM_PREV:tb_2e_3a_none
maxp_bal_2d,2o|3a,tb_2o_3a_none,True,446,0.0,OK_BYPASS,REUSED_FROM_PREV:tb_2o_3a_none
maxp_bal_2d,2o|3h,tb_2o_3h_none,True,446,0.0,OK_BYPASS,REUSED_FROM_PREV:tb_2o_3h_none
maxp_bal_2d,2j|3c,tb_2j_3c_none,True,472,0.0,OK_BYPASS,REUSED_FROM_PREV:tb_2j_3c_none
maxp_bal_2d,2p|3a,tb_2p_3a_none,True,465,0.0,OK_BYPASS,REUSED_FROM_PREV:tb_2p_3a_none
maxp_bal_2d,2p|3f,tb_2p_3f_none,True,465,0.0,OK_BYPASS,REUSED_FROM_PREV:tb_2p_3f_none
maxp_bal_2d,2g|3f,tb_2g_3f_none,True,600,0.0,OK_BYPASS,REUSED_FROM_PREV:tb_2g_3f_none
maxp_bal_2d,2a|3b,tb_2a_3b_none,True,258,0.0,OK_BYPASS,REUSED_FROM_PREV:tb_2a_3b_none
maxp_bal_2d,2g|3a,tb_2g_3a_none,True,596,0.0,OK_BYPASS,REUSED_FROM_PREV:tb_2g_3a_none
maxp_bal_2d,2c|3b,tb_2c_3b_none,True,34,0.0,OK_BYPASS,REUSED_FROM_PREV:tb_2c_3b_none
maxp_bal_2d,2a|3e,tb_2a_3e_none,True,259,0.0,OK_BYPASS,REUSED_FROM_PREV:tb_2a_3e_none
maxp_bal_2d,2d|3b,tb_2d_3b_none,True,413,0.0,OK_BYPASS,REUSED_FROM_PREV:tb_2d_3b_none
maxp_bal_2d,2g|3h,tb_2g_3h_none,True,600,0.0,OK_BYPASS,REUSED_FROM_PREV:tb_2g_3h_none
maxp_bal_2d,2g|3c,tb_2g_3c_none,True,600,0.0,OK_BYPASS,REUSED_FROM_PREV:tb_2g_3c_none
maxp_bal_2d,2g|3g,tb_2g_3g_none,True,596,0.0,OK_BYPASS,REUSED_FROM_PREV:tb_2g_3g_none
maxp_bal_2d,2d|3h,tb_2d_3h_none,True,419,0.0,OK_BYPASS,REUSED_FROM_PREV:tb_2d_3h_none
maxp_bal_2d,2d|3f,tb_2d_3f_none,True,413,0.0,OK_BYPASS,REUSED_FROM_PREV:tb_2d_3f_none
maxp_bal_2d,2c|3h,tb_2c_3h_none,True,34,0.0,OK_BYPASS,REUSED_FROM_PREV:tb_2c_3h_none
maxp_bal_2d,2d|3c,tb_2d_3c_none,True,413,0.0,OK_BYPASS,REUSED_FROM_PREV:tb_2d_3c_none
maxp_bal_2d,2d|3a,tb_2d_3a_none,True,413,0.0,OK_BYPASS,REUSED_FROM_PREV:tb_2d_3a_none
maxp_bal_2d,2d|3g,tb_2d_3g_none,True,413,0.0,OK_BYPASS,REUSED_FROM_PREV:tb_2d_3g_none
maxp_bal_2d,2a|3a,tb_2a_3a_none,True,258,0.0,OK_BYPASS,REUSED_FROM_PREV:tb_2a_3a_none
maxp_bal_2d,2c|3f,tb_2c_3f_none,True,34,0.0,OK_BYPASS,REUSED_FROM_PREV:tb_2c_3f_none
maxp_bal_2d,2a|3g,tb_2a_3g_none,True,258,0.0,OK_BYPASS,REUSED_FROM_PREV:tb_2a_3g_none
maxp_bal_2d,2c|3a,tb_2c_3a_none,True,34,0.0,OK_BYPASS,REUSED_FROM_PREV:tb_2c_3a_none
maxp_bal_2d,2c|3c,tb_2c_3c_none,True,34,0.0,OK_BYPASS,REUSED_FROM_PREV:tb_2c_3c_none
maxp_bal_2d,2a|3h,tb_2a_3h_none,True,260,0.0,OK_BYPASS,REUSED_FROM_PREV:tb_2a_3h_none
maxp_bal_2d,2c|3g,tb_2c_3g_none,True,34,0.0,OK_BYPASS,REUSED_FROM_PREV:tb_2c_3g_none
maxp_bal_2d,2a|3f,tb_2a_3f_none,True,258,0.0,OK_BYPASS,REUSED_FROM_PREV:tb_2a_3f_none
maxp_bal_2d,2a|3c,tb_2a_3c_none,True,258,0.0,OK_BYPASS,REUSED_FROM_PREV:tb_2a_3c_none
maxp_bal_2d,2q|3b,tb_2q_3b_none,True,1357,0.0,OK_BYPASS,REUSED_FROM_PREV:tb_2q_3b_none
maxp_bal_2d,2q|3f,tb_2q_3f_none,True,1359,0.0,OK_BYPASS,REUSED_FROM_PREV:tb_2q_3f_none
maxp_bal_2d,2q|3e,tb_2q_3e_none,True,1364,0.0,OK_BYPASS,REUSED_FROM_PREV:tb_2q_3e_none
maxp_bal_2d,2q|3h,tb_2q_3h_none,True,1363,0.0,OK_BYPASS,REUSED_FROM_PREV:tb_2q_3h_none
maxp_bal_2d,2q|3c,tb_2q_3c_none,True,1362,0.0,OK_BYPASS,REUSED_FROM_PREV:tb_2q_3c_none
maxp_bal_2d,2q|3i,tb_2q_3i_none,True,1358,0.0,OK_BYPASS,REUSED_FROM_PREV:tb_2q_3i_none
maxp_bal_2d,2q|3a,tb_2q_3a_none,True,1356,0.0,OK_BYPASS,REUSED_FROM_PREV:tb_2q_3a_none
maxp_bal_2d,2q|3g,tb_2q_3g_none,True,1360,0.0,OK_BYPASS,REUSED_FROM_PREV:tb_2q_3g_none
maxp_bal_2d,2h|3b,tb_2h_3b_none,True,3719,0.0,OK_BYPASS,REUSED_FROM_PREV:tb_2h_3b_none
maxp_bal_2d,2h|3h,tb_2h_3h_none,True,3729,0.0,OK_BYPASS,REUSED_FROM_PREV:tb_2h_3h_none
maxp_bal_2d,2h|3f,tb_2h_3f_none,True,3719,0.0,OK_BYPASS,REUSED_FROM_PREV:tb_2h_3f_none
maxp_bal_2d,2r|3a,tb_2r_3a_none,True,2453,0.0,OK_BYPASS,REUSED_FROM_PREV:tb_2r_3a_none
maxp_bal_2d,2r|3b,tb_2r_3b_none,True,2453,0.0,OK_BYPASS,REUSED_FROM_PREV:tb_2r_3b_none
maxp_bal_2d,2h|3g,tb_2h_3g_none,True,3724,0.0,OK_BYPASS,REUSED_FROM_PREV:tb_2h_3g_none
maxp_bal_2d,2h|3c,tb_2h_3c_none,True,3724,0.0,OK_BYPASS,REUSED_FROM_PREV:tb_2h_3c_none
maxp_bal_2d,2h|3a,tb_2h_3a_none,True,3719,0.0,OK_BYPASS,REUSED_FROM_PREV:tb_2h_3a_none
maxp_bal_2d,2r|3c,tb_2r_3c_none,True,2454,0.0,OK_BYPASS,REUSED_FROM_PREV:tb_2r_3c_none
maxp_bal_2d,2r|3f,tb_2r_3f_none,True,2459,0.0,OK_BYPASS,REUSED_FROM_PREV:tb_2r_3f_none
maxp_bal_2d,2r|3h,tb_2r_3h_none,True,2454,0.0,OK_BYPASS,REUSED_FROM_PREV:tb_2r_3h_none
maxp_bal_2d,2r|3g,tb_2r_3g_none,True,2454,0.0,OK_BYPASS,REUSED_FROM_PREV:tb_2r_3g_none
maxp_bal_2d,2r|3i,tb_2r_3i_none,True,2453,0.0,OK_BYPASS,REUSED_FROM_PREV:tb_2r_3i_none
maxp_bal_2d,2n|3a,tb_2n_3a_none,True,4431,0.0,OK_BYPASS,REUSED_FROM_PREV:tb_2n_3a_none
maxp_bal_2d,2n|3f,tb_2n_3f_none,True,4431,0.0,OK_BYPASS,REUSED_FROM_PREV:tb_2n_3f_none
maxp_bal_2d,2n|3c,tb_2n_3c_none,True,4431,0.0,OK_BYPASS,REUSED_FROM_PREV:tb_2n_3c_none
maxp_bal_2d,2n|3g,tb_2n_3g_none,True,4431,0.0,OK_BYPASS,REUSED_FROM_PREV:tb_2n_3g_none
maxp_bal_2d,2k|3a,tb_2k_3a_none,True,157,0.0,OK_BYPASS,REUSED_FROM_PREV:tb_2k_3a_none
maxp_bal_2d,2k|3e,tb_2k_3e_none,True,157,0.0,OK_BYPASS,REUSED_FROM_PREV:tb_2k_3e_none
maxp_bal_2d,2k|3b,tb_2k_3b_none,True,157,0.0,OK_BYPASS,REUSED_FROM_PREV:tb_2k_3b_none
maxp_bal_2d,2k|3g,tb_2k_3g_none,True,163,0.0,OK_BYPASS,REUSED_FROM_PREV:tb_2k_3g_none
maxp_bal_2d,2k|3c,tb_2k_3c_none,True,161,0.0,OK_BYPASS,REUSED_FROM_PREV:tb_2k_3c_none
maxp_bal_2d,2k|3f,tb_2k_3f_none,True,162,0.0,OK_BYPASS,REUSED_FROM_PREV:tb_2k_3f_none
maxp_bal_2d,2k|3h,tb_2k_3h_none,True,162,0.0,OK_BYPASS,REUSED_FROM_PREV:tb_2k_3h_none
maxp_bal_2d,2k|3i,tb_2k_3i_none,True,162,0.0,OK_BYPASS,REUSED_FROM_PREV:tb_2k_3i_none
maxp_bal_2d,2i|3b,tb_2i_3b_none,True,11116,0.0,OK_BYPASS,REUSED_FROM_PREV:tb_2i_3b_none
maxp_bal_2d,2n|3e,tb_2n_3e_none,True,4433,0.0,OK_BYPASS,REUSED_FROM_PREV:tb_2n_3e_none
maxp_bal_2d,2n|3b,tb_2n_3b_none,True,4433,0.0,OK_BYPASS,REUSED_FROM_PREV:tb_2n_3b_none
maxp_bal_2d,2n|3h,tb_2n_3h_none,True,4431,0.0,OK_BYPASS,REUSED_FROM_PREV:tb_2n_3h_none
maxp_bal_2d,2i|3h,tb_2i_3h_none,True,11123,0.0,OK_BYPASS,REUSED_FROM_PREV:tb_2i_3h_none
maxp_bal_2d,2i|3f,tb_2i_3f_none,True,11115,0.0,OK_BYPASS,REUSED_FROM_PREV:tb_2i_3f_none
maxp_bal_2d,2i|3g,tb_2i_3g_none,True,11114,0.0,OK_BYPASS,REUSED_FROM_PREV:tb_2i_3g_none
maxp_bal_2d,2i|3a,tb_2i_3a_none,True,11110,0.0,OK_BYPASS,REUSED_FROM_PREV:tb_2i_3a_none
maxp_bal_2d,2i|3c,tb_2i_3c_none,True,11111,0.0,OK_BYPASS,REUSED_FROM_PREV:tb_2i_3c_none
max_bal_2d,2b|3b,tb_2b_3b_none,True,34,0.0,OK_BYPASS,REUSED_FROM_PREV:tb_2b_3b_none
max_bal_2d,2b|3e,tb_2b_3e_none,True,34,0.0,OK_BYPASS,REUSED_FROM_PREV:tb_2b_3e_none
max_bal_2d,2b|3i,tb_2b_3i_none,True,34,0.0,OK_BYPASS,REUSED_FROM_PREV:tb_2b_3i_none
max_bal_2d,2p|3b,tb_2p_3b_none,True,266,0.0,OK_BYPASS,REUSED_FROM_PREV:tb_2p_3b_none
max_bal_2d,2o|3i,tb_2o_3i_none,True,247,0.0,OK_BYPASS,REUSED_FROM_PREV:tb_2o_3i_none
max_bal_2d,2o|3b,tb_2o_3b_none,True,247,0.0,OK_BYPASS,REUSED_FROM_PREV:tb_2o_3b_none
max_bal_2d,2p|3e,tb_2p_3e_none,True,266,0.0,OK_BYPASS,REUSED_FROM_PREV:tb_2p_3e_none
max_bal_2d,2p|3i,tb_2p_3i_none,True,266,0.0,OK_BYPASS,REUSED_FROM_PREV:tb_2p_3i_none
max_bal_2d,2o|3e,tb_2o_3e_none,True,247,0.0,OK_BYPASS,REUSED_FROM_PREV:tb_2o_3e_none
max_bal_2d,2l|3b,tb_2l_3b_none,True,64,0.0,OK_BYPASS,REUSED_FROM_PREV:tb_2l_3b_none
max_bal_2d,2l|3e,tb_2l_3e_none,True,64,0.0,OK_BYPASS,REUSED_FROM_PREV:tb_2l_3e_none
max_bal_2d,2l|3i,tb_2l_3i_none,True,64,0.0,OK_BYPASS,REUSED_FROM_PREV:tb_2l_3i_none
max_bal_2d,2l|3a,tb_2l_3a_none,True,64,0.0,OK_BYPASS,REUSED_FROM_PREV:tb_2l_3a_none
max_bal_2d,2l|3c,tb_2l_3c_none,True,64,0.0,OK_BYPASS,REUSED_FROM_PREV:tb_2l_3c_none
max_bal_2d,2b|3c,tb_2b_3c_none,True,34,0.0,OK_BYPASS,REUSED_FROM_PREV:tb_2b_3c_none
max_bal_2d,2o|3a,tb_2o_3a_none,True,247,0.0,OK_BYPASS,REUSED_FROM_PREV:tb_2o_3a_none
max_bal_2d,2b|3g,tb_2b_3g_none,True,34,0.0,OK_BYPASS,REUSED_FROM_PREV:tb_2e_3g_none
max_bal_2d,2l|3f,tb_2l_3f_none,True,64,0.0,OK_BYPASS,REUSED_FROM_PREV:tb_2l_3f_none
max_bal_2d,2l|3h,tb_2l_3h_none,True,64,0.0,OK_BYPASS,REUSED_FROM_PREV:tb_2l_3h_none
max_bal_2d,2p|3c,tb_2p_3c_none,True,266,0.0,OK_BYPASS,REUSED_FROM_PREV:tb_2p_3c_none
max_bal_2d,2j|3c,tb_2j_3c_none,True,280,0.0,OK_BYPASS,REUSED_FROM_PREV:tb_2j_3c_none
max_bal_2d,2p|3f,tb_2p_3f_none,True,266,0.0,OK_BYPASS,REUSED_FROM_PREV:tb_2p_3f_none
max_bal_2d,2o|3h,tb_2o_3h_none,True,247,0.0,OK_BYPASS,REUSED_FROM_PREV:tb_2o_3h_none
max_bal_2d,2g|3e,tb_2g_3e_none,True,434,0.0,OK_BYPASS,REUSED_FROM_PREV:tb_2g_3e_none
max_bal_2d,2b|3h,tb_2b_3h_none,True,34,0.0,OK_BYPASS,REUSED_FROM_PREV:tb_2e_3h_none
max_bal_2d,2g|3b,tb_2g_3b_none,True,434,0.0,OK_BYPASS,REUSED_FROM_PREV:tb_2g_3b_none
max_bal_2d,2g|3f,tb_2g_3f_none,True,434,0.0,OK_BYPASS,REUSED_FROM_PREV:tb_2g_3f_none
max_bal_2d,2g|3i,tb_2g_3i_none,True,434,0.0,OK_BYPASS,REUSED_FROM_PREV:tb_2g_3i_none
max_bal_2d,2p|3h,tb_2p_3h_none,True,266,0.0,OK_BYPASS,REUSED_FROM_PREV:tb_2p_3h_none
max_bal_2d,2g|3a,tb_2g_3a_none,True,434,0.0,OK_BYPASS,REUSED_FROM_PREV:tb_2g_3a_none
max_bal_2d,2g|3g,tb_2g_3g_none,True,434,0.0,OK_BYPASS,REUSED_FROM_PREV:tb_2g_3g_none
max_bal_2d,2g|3c,tb_2g_3c_none,True,434,0.0,OK_BYPASS,REUSED_FROM_PREV:tb_2g_3c_none
max_bal_2d,2a|3b,tb_2a_3b_none,True,535,0.0,OK_BYPASS,REUSED_FROM_PREV:tb_2a_3b_none
max_bal_2d,2a|3i,tb_2a_3i_none,True,539,0.0,OK_BYPASS,REUSED_FROM_PREV:tb_2a_3i_none
max_bal_2d,2a|3e,tb_2a_3e_none,True,534,0.0,OK_BYPASS,REUSED_FROM_PREV:tb_2a_3e_none
max_bal_2d,2g|3h,tb_2g_3h_none,True,434,0.0,OK_BYPASS,REUSED_FROM_PREV:tb_2g_3h_none
max_bal_2d,2c|3b,tb_2c_3b_none,True,158,0.0,OK_BYPASS,REUSED_FROM_PREV:tb_2c_3b_none
max_bal_2d,2c|3e,tb_2c_3e_none,True,158,0.0,OK_BYPASS,REUSED_FROM_PREV:tb_2c_3e_none
max_bal_2d,2d|3b,tb_2d_3b_none,True,329,0.0,OK_BYPASS,REUSED_FROM_PREV:tb_2d_3b_none
max_bal_2d,2a|3c,tb_2a_3c_none,True,535,0.0,OK_BYPASS,REUSED_FROM_PREV:tb_2a_3c_none
max_bal_2d,2a|3a,tb_2a_3a_none,True,535,0.0,OK_BYPASS,REUSED_FROM_PREV:tb_2a_3a_none
max_bal_2d,2d|3c,tb_2d_3c_none,True,325,0.0,OK_BYPASS,REUSED_FROM_PREV:tb_2d_3c_none
max_bal_2d,2c|3i,tb_2c_3i_none,True,158,0.0,OK_BYPASS,REUSED_FROM_PREV:tb_2c_3i_none
max_bal_2d,2d|3a,tb_2d_3a_none,True,325,0.0,OK_BYPASS,REUSED_FROM_PREV:tb_2d_3a_none
max_bal_2d,2d|3e,tb_2d_3e_none,True,329,0.0,OK_BYPASS,REUSED_FROM_PREV:tb_2d_3e_none
max_bal_2d,2d|3f,tb_2d_3f_none,True,324,0.0,OK_BYPASS,REUSED_FROM_PREV:tb_2d_3f_none
max_bal_2d,2d|3i,tb_2d_3i_none,True,334,0.0,OK_BYPASS,REUSED_FROM_PREV:tb_2d_3i_none
max_bal_2d,2d|3g,tb_2d_3g_none,True,324,0.0,OK_BYPASS,REUSED_FROM_PREV:tb_2d_3g_none
max_bal_2d,2c|3h,tb_2c_3h_none,True,158,0.0,OK_BYPASS,REUSED_FROM_PREV:tb_2c_3h_none
max_bal_2d,2d|3h,tb_2d_3h_none,True,324,0.0,OK_BYPASS,REUSED_FROM_PREV:tb_2d_3h_none
max_bal_2d,2c|3a,tb_2c_3a_none,True,158,0.0,OK_BYPASS,REUSED_FROM_PREV:tb_2c_3a_none
max_bal_2d,2c|3f,tb_2c_3f_none,True,158,0.0,OK_BYPASS,REUSED_FROM_PREV:tb_2c_3f_none
max_bal_2d,2c|3g,tb_2c_3g_none,True,158,0.0,OK_BYPASS,REUSED_FROM_PREV:tb_2c_3g_none
max_bal_2d,2a|3h,tb_2a_3h_none,True,536,0.0,OK_BYPASS,REUSED_FROM_PREV:tb_2a_3h_none
max_bal_2d,2c|3c,tb_2c_3c_none,True,158,0.0,OK_BYPASS,REUSED_FROM_PREV:tb_2c_3c_none
max_bal_2d,2q|3f,tb_2q_3f_none,True,1158,0.0,OK_BYPASS,REUSED_FROM_PREV:tb_2q_3f_none
max_bal_2d,2q|3b,tb_2q_3b_none,True,1157,0.0,OK_BYPASS,REUSED_FROM_PREV:tb_2q_3b_none
max_bal_2d,2q|3e,tb_2q_3e_none,True,1159,0.0,OK_BYPASS,REUSED_FROM_PREV:tb_2q_3e_none
max_bal_2d,2q|3c,tb_2q_3c_none,True,1155,0.0,OK_BYPASS,REUSED_FROM_PREV:tb_2q_3c_none
max_bal_2d,2q|3g,tb_2q_3g_none,True,1154,0.0,OK_BYPASS,REUSED_FROM_PREV:tb_2q_3g_none
max_bal_2d,2q|3a,tb_2q_3a_none,True,1157,0.0,OK_BYPASS,REUSED_FROM_PREV:tb_2q_3a_none
max_bal_2d,2q|3i,tb_2q_3i_none,True,1153,0.0,OK_BYPASS,REUSED_FROM_PREV:tb_2q_3i_none
max_bal_2d,2q|3h,tb_2q_3h_none,True,1155,0.0,OK_BYPASS,REUSED_FROM_PREV:tb_2q_3h_none
max_bal_2d,2r|3a,tb_2r_3a_none,True,79,0.0,OK_BYPASS,REUSED_FROM_PREV:tb_2r_3a_none
max_bal_2d,2r|3b,tb_2r_3b_none,True,79,0.0,OK_BYPASS,REUSED_FROM_PREV:tb_2r_3b_none
max_bal_2d,2h|3b,tb_2h_3b_none,True,2666,0.0,OK_BYPASS,REUSED_FROM_PREV:tb_2h_3b_none
max_bal_2d,2k|3a,tb_2k_3a_none,True,98,0.0,OK_BYPASS,REUSED_FROM_PREV:tb_2k_3a_none
max_bal_2d,2k|3e,tb_2k_3e_none,True,100,0.0,OK_BYPASS,REUSED_FROM_PREV:tb_2k_3e_none
max_bal_2d,2k|3b,tb_2k_3b_none,True,100,0.0,OK_BYPASS,REUSED_FROM_PREV:tb_2k_3b_none
max_bal_2d,2r|3f,tb_2r_3f_none,True,79,0.0,OK_BYPASS,REUSED_FROM_PREV:tb_2r_3f_none
max_bal_2d,2k|3c,tb_2k_3c_none,True,101,0.0,OK_BYPASS,REUSED_FROM_PREV:tb_2k_3c_none
max_bal_2d,2k|3g,tb_2k_3g_none,True,106,0.0,OK_BYPASS,REUSED_FROM_PREV:tb_2k_3g_none
max_bal_2d,2r|3c,tb_2r_3c_none,True,79,0.0,OK_BYPASS,REUSED_FROM_PREV:tb_2r_3c_none
max_bal_2d,2h|3i,tb_2h_3i_none,True,2656,0.0,OK_BYPASS,REUSED_FROM_PREV:tb_2h_3i_none
max_bal_2d,2k|3f,tb_2k_3f_none,True,98,0.0,OK_BYPASS,REUSED_FROM_PREV:tb_2k_3f_none
max_bal_2d,2r|3h,tb_2r_3h_none,True,79,0.0,OK_BYPASS,REUSED_FROM_PREV:tb_2r_3h_none
max_bal_2d,2h|3f,tb_2h_3f_none,True,2656,0.0,OK_BYPASS,REUSED_FROM_PREV:tb_2h_3f_none
max_bal_2d,2r|3g,tb_2r_3g_none,True,79,0.0,OK_BYPASS,REUSED_FROM_PREV:tb_2r_3g_none
max_bal_2d,2n|3f,tb_2n_3f_none,True,2305,0.0,OK_BYPASS,REUSED_FROM_PREV:tb_2n_3f_none
max_bal_2d,2n|3a,tb_2n_3a_none,True,2305,0.0,OK_BYPASS,REUSED_FROM_PREV:tb_2n_3a_none
max_bal_2d,2r|3i,tb_2r_3i_none,True,79,0.0,OK_BYPASS,REUSED_FROM_PREV:tb_2r_3i_none
max_bal_2d,2n|3c,tb_2n_3c_none,True,2305,0.0,OK_BYPASS,REUSED_FROM_PREV:tb_2n_3c_none
max_bal_2d,2k|3h,tb_2k_3h_none,True,100,0.0,OK_BYPASS,REUSED_FROM_PREV:tb_2k_3h_none
max_bal_2d,2h|3a,tb_2h_3a_none,True,2656,0.0,OK_BYPASS,REUSED_FROM_PREV:tb_2h_3a_none
max_bal_2d,2k|3i,tb_2k_3i_none,True,100,0.0,OK_BYPASS,REUSED_FROM_PREV:tb_2k_3i_none
max_bal_2d,2n|3g,tb_2n_3g_none,True,2305,0.0,OK_BYPASS,REUSED_FROM_PREV:tb_2n_3g_none
max_bal_2d,2h|3c,tb_2h_3c_none,True,2661,0.0,OK_BYPASS,REUSED_FROM_PREV:tb_2h_3c_none
max_bal_2d,2h|3g,tb_2h_3g_none,True,2661,0.0,OK_BYPASS,REUSED_FROM_PREV:tb_2h_3g_none
max_bal_2d,2h|3h,tb_2h_3h_none,True,2667,0.0,OK_BYPASS,REUSED_FROM_PREV:tb_2h_3h_none
max_bal_2d,2n|3b,tb_2n_3b_none,True,2305,0.0,OK_BYPASS,REUSED_FROM_PREV:tb_2n_3b_none
max_bal_2d,2n|3i,tb_2n_3i_none,True,2308,0.0,OK_BYPASS,REUSED_FROM_PREV:tb_2n_3i_none
max_bal_2d,2n|3h,tb_2n_3h_none,True,2310,0.0,OK_BYPASS,REUSED_FROM_PREV:tb_2n_3h_none
max_bal_2d,2i|3b,tb_2i_3b_none,True,7215,0.0,OK_BYPASS,REUSED_FROM_PREV:tb_2i_3b_none
max_bal_2d,2i|3i,tb_2i_3i_none,True,7223,0.0,OK_BYPASS,REUSED_FROM_PREV:tb_2i_3i_none
max_bal_2d,2i|3h,tb_2i_3h_none,True,7230,0.0,OK_BYPASS,REUSED_FROM_PREV:tb_2i_3h_none
max_bal_2d,2i|3f,tb_2i_3f_none,True,7231,0.0,OK_BYPASS,REUSED_FROM_PREV:tb_2i_3f_none
max_bal_2d,2i|3a,tb_2i_3a_none,True,7218,0.0,OK_BYPASS,REUSED_FROM_PREV:tb_2i_3a_none
max_bal_2d,2i|3g,tb_2i_3g_none,True,7222,0.0,OK_BYPASS,REUSED_FROM_PREV:tb_2i_3g_none
max_bal_2d,2i|3c,tb_2i_3c_none,True,7236,0.0,OK_BYPASS,REUSED_FROM_PREV:tb_2i_3c_none
max_bal_2d,2f|3a,tb_2f_3a_none,False,20023,0.0,SIM_TB_TIMEOUT_BYPASS,REUSED_FROM_PREV:tb_2f_3c_none
max_mod_fat,2o|3e,tb_2o_3e_none,True,185,0.0,OK_BYPASS,REUSED_FROM_PREV:tb_2o_3e_none
max_mod_fat,2b|3e,tb_2b_3e_none,True,19,0.0,OK_BYPASS,REUSED_FROM_PREV:tb_2b_3e_none
max_mod_fat,2p|3e,tb_2p_3e_none,True,185,0.0,OK_BYPASS,REUSED_FROM_PREV:tb_2p_3e_none
max_mod_fat,2a|3e,tb_2a_3e_none,True,92,0.0,OK_BYPASS,REUSED_FROM_PREV:tb_2a_3e_none
max_mod_fat,2j|3e,tb_2j_3e_none,True,204,0.0,OK_BYPASS,REUSED_FROM_PREV:tb_2j_3e_none
max_mod_fat,2l|3e,tb_2l_3e_none,True,34,0.0,OK_BYPASS,REUSED_FROM_PREV:tb_2l_3e_none
max_mod_fat,2l|3c,tb_2l_3c_none,True,34,0.0,OK_BYPASS,REUSED_FROM_PREV:tb_2l_3c_none
max_mod_fat,2l|3f,tb_2l_3f_none,True,34,0.0,OK_BYPASS,REUSED_FROM_PREV:tb_2l_3f_none
max_mod_fat,2l|3a,tb_2l_3a_none,True,34,0.0,OK_BYPASS,REUSED_FROM_PREV:tb_2l_3g_none
max_mod_fat,2k|3e,tb_2k_3e_none,True,376,0.0,OK_BYPASS,REUSED_FROM_PREV:tb_2k_3e_none
max_mod_fat,2b|3b,tb_2b_3b_none,True,19,0.0,OK_BYPASS,REUSED_FROM_PREV:tb_2b_3h_none
max_mod_fat,2p|3b,tb_2p_3b_none,True,185,0.0,OK_BYPASS,REUSED_FROM_PREV:tb_2p_3b_none
max_mod_fat,2o|3a,tb_2o_3a_none,True,185,0.0,OK_BYPASS,REUSED_FROM_PREV:tb_2o_3i_none
max_mod_fat,2d|3e,tb_2d_3e_none,True,197,0.0,OK_BYPASS,REUSED_FROM_PREV:tb_2d_3e_none
max_mod_fat,2b|3c,tb_2b_3c_none,True,19,0.0,OK_BYPASS,REUSED_FROM_PREV:tb_2b_3c_none
max_mod_fat,2p|3c,tb_2p_3c_none,True,185,0.0,OK_BYPASS,REUSED_FROM_PREV:tb_2p_3a_none
max_mod_fat,2j|3c,tb_2j_3c_none,True,204,0.0,OK_BYPASS,REUSED_FROM_PREV:tb_2j_3a_none
max_mod_fat,2a|3a,tb_2a_3a_none,True,92,0.0,OK_BYPASS,REUSED_FROM_PREV:tb_2a_3f_none
max_mod_fat,2k|3b,tb_2k_3b_none,True,388,0.0,OK_BYPASS,REUSED_FROM_PREV:tb_2k_3i_none
max_mod_fat,2h|3e,tb_2h_3e_none,True,665,0.0,OK_BYPASS,REUSED_FROM_PREV:tb_2h_3e_none
max_mod_fat,2k|3a,tb_2k_3a_none,True,388,0.0,OK_BYPASS,REUSED_FROM_PREV:tb_2k_3g_none
max_mod_fat,2k|3c,tb_2k_3c_none,True,388,0.0,OK_BYPASS,REUSED_FROM_PREV:tb_2k_3c_none
max_mod_fat,2k|3f,tb_2k_3f_none,True,388,0.0,OK_BYPASS,REUSED_FROM_PREV:tb_2k_3f_none
max_mod_fat,2d|3c,tb_2d_3c_none,True,193,0.0,OK_BYPASS,REUSED_FROM_PREV:tb_2d_3c_none
max_mod_fat,2d|3a,tb_2d_3a_none,True,193,0.0,OK_BYPASS,REUSED_FROM_PREV:tb_2d_3g_none
max_mod_fat,2d|3b,tb_2d_3b_none,True,193,0.0,OK_BYPASS,REUSED_FROM_PREV:tb_2d_3b_none
max_mod_fat,2d|3i,tb_2d_3i_none,True,193,0.0,OK_BYPASS,REUSED_FROM_PREV:tb_2d_3i_none
max_mod_fat,2d|3f,tb_2d_3f_none,True,193,0.0,OK_BYPASS,REUSED_FROM_PREV:tb_2d_3f_none
max_mod_fat,2c|3e,tb_2c_3e_none,True,27,0.0,OK_BYPASS,REUSED_FROM_PREV:tb_2c_3e_none
max_mod_fat,2g|3a,tb_2g_3a_none,True,860,0.0,OK_BYPASS,REUSED_FROM_PREV:tb_2g_3i_none
max_mod_fat,2g|3f,tb_2g_3f_none,True,860,0.0,OK_BYPASS,REUSED_FROM_PREV:tb_2g_3f_none
max_mod_fat,2g|3c,tb_2g_3c_none,True,869,0.0,OK_BYPASS,REUSED_FROM_PREV:tb_2g_3c_none
max_mod_fat,2q|3e,tb_2q_3e_none,True,1191,0.0,OK_BYPASS,REUSED_FROM_PREV:tb_2q_3e_none
max_mod_fat,2c|3f,tb_2c_3f_none,True,27,0.0,OK_BYPASS,REUSED_FROM_PREV:tb_2c_3f_none
max_mod_fat,2c|3a,tb_2c_3a_none,True,27,0.0,OK_BYPASS,REUSED_FROM_PREV:tb_2c_3a_none
max_mod_fat,2c|3g,tb_2c_3g_none,True,27,0.0,OK_BYPASS,REUSED_FROM_PREV:tb_2c_3g_none
max_mod_fat,2c|3c,tb_2c_3c_none,True,27,0.0,OK_BYPASS,REUSED_FROM_PREV:tb_2c_3c_none
max_mod_fat,2h|3f,tb_2h_3f_none,True,658,0.0,OK_BYPASS,REUSED_FROM_PREV:tb_2h_3f_none
max_mod_fat,2c|3b,tb_2c_3b_none,True,27,0.0,OK_BYPASS,REUSED_FROM_PREV:tb_2c_3b_none
max_mod_fat,2c|3i,tb_2c_3i_none,True,27,0.0,OK_BYPASS,REUSED_FROM_PREV:tb_2c_3i_none
max_mod_fat,2c|3h,tb_2c_3h_none,True,27,0.0,OK_BYPASS,REUSED_FROM_PREV:tb_2c_3h_none
max_mod_fat,2h|3c,tb_2h_3c_none,True,658,0.0,OK_BYPASS,REUSED_FROM_PREV:tb_2h_3c_none
max_mod_fat,2h|3a,tb_2h_3a_none,True,658,0.0,OK_BYPASS,REUSED_FROM_PREV:tb_2h_3g_none
max_mod_fat,2h|3h,tb_2h_3h_none,True,658,0.0,OK_BYPASS,REUSED_FROM_PREV:tb_2h_3h_none
max_mod_fat,2n|3e,tb_2n_3e_none,True,2202,0.0,OK_BYPASS,REUSED_FROM_PREV:tb_2n_3e_none
max_mod_fat,2q|3f,tb_2q_3f_none,True,1189,0.0,OK_BYPASS,REUSED_FROM_PREV:tb_2q_3f_none
max_mod_fat,2q|3c,tb_2q_3c_none,True,1189,0.0,OK_BYPASS,REUSED_FROM_PREV:tb_2q_3c_none
max_mod_fat,2r|3e,tb_2r_3e_none,True,2210,0.0,OK_BYPASS,REUSED_FROM_PREV:tb_2r_3e_none
max_mod_fat,2q|3a,tb_2q_3a_none,True,1191,0.0,OK_BYPASS,REUSED_FROM_PREV:tb_2q_3i_none
max_mod_fat,2q|3h,tb_2q_3h_none,True,1187,0.0,OK_BYPASS,REUSED_FROM_PREV:tb_2q_3h_none
max_mod_fat,2i|3e,tb_2i_3e_none,True,2423,0.0,OK_BYPASS,REUSED_FROM_PREV:tb_2i_3e_none
max_mod_fat,2n|3c,tb_2n_3c_none,True,2197,0.0,OK_BYPASS,REUSED_FROM_PREV:tb_2n_3a_none
max_mod_fat,2n|3f,tb_2n_3f_none,True,2197,0.0,OK_BYPASS,REUSED_FROM_PREV:tb_2n_3f_none
max_mod_fat,2i|3f,tb_2i_3f_none,True,2422,0.0,OK_BYPASS,REUSED_FROM_PREV:tb_2i_3f_none
max_mod_fat,2n|3b,tb_2n_3b_none,True,2197,0.0,OK_BYPASS,REUSED_FROM_PREV:tb_2n_3b_none
max_mod_fat,2i|3c,tb_2i_3c_none,True,2422,0.0,OK_BYPASS,REUSED_FROM_PREV:tb_2i_3c_none
max_mod_fat,2i|3a,tb_2i_3a_none,True,2422,0.0,OK_BYPASS,REUSED_FROM_PREV:tb_2i_3a_none
max_mod_fat,2i|3h,tb_2i_3h_none,True,2422,0.0,OK_BYPASS,REUSED_FROM_PREV:tb_2i_3h_none
max_mod_fat,2n|3h,tb_2n_3h_none,True,2197,0.0,OK_BYPASS,REUSED_FROM_PREV:tb_2n_3h_none
max_mod_fat,2r|3c,tb_2r_3c_none,True,2210,0.0,OK_BYPASS,REUSED_FROM_PREV:tb_2r_3g_none
max_mod_fat,2r|3f,tb_2r_3f_none,True,2210,0.0,OK_BYPASS,REUSED_FROM_PREV:tb_2r_3f_none
max_mod_fat,2r|3b,tb_2r_3b_none,True,2210,0.0,OK_BYPASS,REUSED_FROM_PREV:tb_2r_3b_none
max_mod_fat,2r|3h,tb_2r_3h_none,True,2210,0.0,OK_BYPASS,REUSED_FROM_PREV:tb_2r_3h_none
npow2g_small_mesh,2l|3f,tb_2l_3f_none,True,34,15.19,OK_BYPASS,
npow2g_small_mesh,2l|3a,tb_2l_3a_none,True,34,15.21,OK_BYPASS,
npow2_tiny_hc,2i|3c,tb_2i_3c_none,True,417,15.24,OK_BYPASS,
npow2_tiny_hc,2i|3g,tb_2i_3g_none,True,417,15.39,OK_BYPASS,
med_dense_mesh,2h|3a,tb_2h_3a_none,True,536,15.42,OK_BYPASS,
med_dense_mesh,2h|3f,tb_2h_3f_none,True,535,15.53,OK_BYPASS,
npow2_tiny_hc,2i|3h,tb_2i_3h_none,True,421,14.47,OK_BYPASS,
med_dense_mesh,2h|3c,tb_2h_3c_none,True,536,16.87,OK_BYPASS,
npow2_small_torus,2i|3a,tb_2i_3a_none,True,865,17.65,OK_BYPASS,
npow2_small_torus,2i|3b,tb_2i_3b_none,True,865,18.15,OK_BYPASS,
npow2_small_torus,2i|3c,tb_2i_3c_none,True,865,17.07,OK_BYPASS,
npow2g_small_mesh,2m|3a,tb_2m_3a_none,True,79,15.65,OK_BYPASS,
large_unbal_torus,2b|3g,tb_2b_3g_none,True,124,29.27,OK_BYPASS,
npow2_tiny_hc,2j|3a,tb_2j_3a_none,True,94,14.85,OK_BYPASS,
med_dense_mesh,2h|3h,tb_2h_3h_none,True,536,16.19,OK_BYPASS,
npow2_small_torus,2j|3a,tb_2j_3a_none,True,152,16.09,OK_BYPASS,
npow2g_small_mesh,2m|3b,tb_2m_3b_none,True,79,15.91,OK_BYPASS,
med_dense_mesh,2i|3h,tb_2i_3h_none,True,1236,16.36,OK_BYPASS,
npow2_small_torus,2k|3a,tb_2k_3a_none,True,97,16.9,OK_BYPASS,
npow2_tiny_hc,2k|3a,tb_2k_3a_none,True,86,16.06,OK_BYPASS,
npow2g_small_mesh,2m|3c,tb_2m_3c_none,True,79,15.63,OK_BYPASS,
large_unbal_torus,2c|3a,tb_2c_3a_none,True,304,31.58,OK_BYPASS,
npow2_tiny_hc,2l|3a,tb_2l_3a_none,True,79,16.43,OK_BYPASS,
npow2g_small_mesh,2n|3a,tb_2n_3a_none,True,80,15.99,OK_BYPASS,
npow2_small_torus,2k|3f,tb_2k_3f_none,True,97,18.19,OK_BYPASS,
large_unbal_torus,2c|3b,tb_2c_3b_none,True,304,31.64,OK_BYPASS,
npow2g_small_mesh,2o|3a,tb_2o_3a_none,True,55,15.71,OK_BYPASS,
npow2_tiny_hc,2n|3a,tb_2n_3a_none,True,370,16.87,OK_BYPASS,
npow2_small_torus,2l|3a,tb_2l_3a_none,True,124,18.9,OK_BYPASS,
large_unbal_torus,2c|3c,tb_2c_3c_none,True,304,33.27,OK_BYPASS,
tiny_dense_1d,2f|3a,tb_2f_3a_none,True,44,14.62,OK_BYPASS,
med_extreme_1d,2b|3i,tb_2b_3i_none,True,244,16.98,OK_BYPASS,
med_dense_mesh,2b|3c,tb_2b_3c_none,True,124,17.2,OK_BYPASS,
large_dense_2d,2c|3i,tb_2c_3i_none,True,5,19.38,OK_BYPASS,
small_mod_2d,2c|3a,tb_2c_3a_none,True,5,19.52,OK_BYPASS,
large_dense_2d,2b|3a,tb_2b_3a_none,True,244,19.56,OK_BYPASS,
large_dense_hc,2a|3d,tb_2a_3d_none,True,572,31.01,OK_BYPASS,
med_mod_fat,2a|3i,tb_2a_3i_none,True,93,33.04,OK_BYPASS,
med_dense_mesh,2c|3i,tb_2c_3i_none,True,135,17.56,OK_BYPASS,
med_mod_ring,2b|3b,tb_2b_3b_none,True,19,40.43,OK_BYPASS,
med_bal_2d,2c|3i,tb_2c_3i_none,True,94,21.08,OK_BYPASS,
med_mod_ring,2a|3d,tb_2a_3d_none,True,206,41.7,OK_BYPASS,
large_bal_mesh,2a|3d,tb_2a_3d_none,True,264,48.16,OK_BYPASS,
large_unbal_torus,2a|3h,tb_2a_3h_none,True,470,33.46,OK_BYPASS,
vlarge_extreme_1d,2b|3a,tb_2b_3a_none,True,484,26.85,OK_BYPASS,
med_mod_ring,2b|3d,tb_2b_3d_none,True,19,42.23,OK_BYPASS,
vlarge_dense_hc,2b|3a,tb_2b_3a_none,True,244,36.61,OK_BYPASS,
med_full_torus,2a|3d,tb_2a_3d_none,True,62,80.67,OK_BYPASS,
vlarge2_dense_2d,2a|3d,tb_2a_3d_none,True,1088,98.26,OK_BYPASS,
large_bal_mesh,2b|3d,tb_2b_3d_none,True,64,51.25,OK_BYPASS,
large_bal_fat,2c|3d,tb_2c_3d_none,True,128,64.02,OK_BYPASS,
tiny_dense_1d,2m|3e,tb_2m_3e_none,True,55,15.24,OK_BYPASS,
large_mod_ring,2a|3d,tb_2a_3d_none,True,610,162.96,OK_BYPASS,
max_unbal_fat,2a|3d,tb_2a_3d_none,True,1530,168.26,OK_BYPASS,
med_mod_ring,2b|3h,tb_2b_3h_none,True,19,43.94,OK_BYPASS,
large_mod_ring,2b|3b,tb_2b_3b_none,True,19,164.23,OK_BYPASS,
med_dense_mesh,2g|3a,tb_2g_3a_none,True,289,19.66,OK_BYPASS,
vlarge_dense_2d,2b|3d,tb_2b_3d_none,True,124,54.0,OK_BYPASS,
large_mod_ring,2b|3c,tb_2b_3c_none,True,19,169.22,OK_BYPASS,
vlarge_bal_mesh,2a|3d,tb_2a_3d_none,True,575,228.1,OK_BYPASS,
vlarge_unbal_hc,2b|3a,tb_2b_3a_none,True,244,62.28,OK_BYPASS,
large_mod_ring,2b|3d,tb_2b_3d_none,True,19,170.77,OK_BYPASS,
med_mod_ring,2b|3i,tb_2b_3i_none,True,19,48.45,OK_BYPASS,
large_dense_hc,2d|3d,tb_2d_3d_none,True,645,39.35,OK_BYPASS,
vlarge_unbal_hc,2b|3b,tb_2b_3b_none,True,244,72.48,OK_BYPASS,
vlarge2_bal_fat,2a|3d,tb_2a_3d_none,True,503,377.45,OK_BYPASS,
vlarge_bal_fat,2c|3d,tb_2c_3d_none,True,198,151.8,OK_BYPASS,
med_mod_ring,2b|3j,tb_2b_3j_none,True,19,46.26,OK_BYPASS,
vlarge_mod_ring,2a|3d,tb_2a_3d_none,True,1132,426.57,OK_BYPASS,
vlarge_mod_ring,2a|3j,tb_2a_3j_none,True,1132,434.4,OK_BYPASS,
large_mod_ring,2b|3h,tb_2b_3h_none,True,19,175.08,OK_BYPASS,
vlarge_mod_ring,2b|3b,tb_2b_3b_none,True,19,423.1,OK_BYPASS,
vlarge_bal_mesh,2b|3d,tb_2b_3d_none,True,64,236.05,OK_BYPASS,
vlarge2_mod_ring,2a|3d,tb_2a_3d_none,True,1197,472.98,OK_BYPASS,
vlarge_dense_hc,2d|3d,tb_2d_3d_none,True,1311,38.22,OK_BYPASS,
vlarge2_mod_ring,2a|3j,tb_2a_3j_none,True,1197,478.88,OK_BYPASS,
vlarge2_mod_ring,2b|3b,tb_2b_3b_none,True,34,467.65,OK_BYPASS,
vlarge2_bal_fat,2c|3d,tb_2c_3d_none,True,90,365.92,OK_BYPASS,
vlarge_unbal_hc,2b|3d,tb_2b_3d_none,True,244,64.39,OK_BYPASS,
vlarge_mod_ring,2b|3d,tb_2b_3d_none,True,19,430.05,OK_BYPASS,
large_mod_ring,2b|3i,tb_2b_3i_none,True,19,171.09,OK_BYPASS,
vlarge_bal_fat,2c|3f,tb_2c_3f_none,True,198,142.72,OK_BYPASS,
max_unbal_fat,2c|3d,tb_2c_3d_none,True,396,165.93,OK_BYPASS,
med_full_torus,2b|3c,tb_2b_3c_none,True,12,89.93,OK_BYPASS,
vlarge2_mod_ring,2b|3d,tb_2b_3d_none,True,34,455.62,OK_BYPASS,
large_mod_ring,2b|3j,tb_2b_3j_none,True,19,173.62,OK_BYPASS,
vlarge2_dense_2d,2b|3c,tb_2b_3c_none,True,124,102.15,OK_BYPASS,
med_full_torus,2b|3d,tb_2b_3d_none,True,12,94.82,OK_BYPASS,
large_unbal_torus,2b|3h,tb_2b_3h_none,True,124,41.76,OK_BYPASS,
vlarge2_dense_2d,2b|3d,tb_2b_3d_none,True,124,111.46,OK_BYPASS,
max_dense_hc,2b|3a,tb_2b_3a_none,True,64,790.26,OK_BYPASS,
med_extreme_1d,2j|3c,tb_2j_3c_none,True,498,20.72,OK_BYPASS,
vlarge_mod_ring,2b|3h,tb_2b_3h_none,True,19,433.36,OK_BYPASS,
med_mod_ring,2c|3d,tb_2c_3d_none,True,38,52.74,OK_BYPASS,
med_full_torus,2b|3e,tb_2b_3e_none,True,12,100.02,OK_BYPASS,
large_bal_fat,2d|3d,tb_2d_3d_none,True,490,67.02,OK_BYPASS,
vlarge_mod_ring,2b|3i,tb_2b_3i_none,True,19,448.67,OK_BYPASS,
vlarge2_mod_ring,2b|3h,tb_2b_3h_none,True,34,497.7,OK_BYPASS,
large_bal_mesh,2c|3d,tb_2c_3d_none,True,142,54.41,OK_BYPASS,
vlarge2_dense_2d,2b|3e,tb_2b_3e_none,True,124,106.18,OK_BYPASS,
large_unbal_torus,2b|3j,tb_2b_3j_none,True,124,37.22,OK_BYPASS,
vlarge_dense_2d,2c|3d,tb_2c_3d_none,True,187,53.53,OK_BYPASS,
med_full_torus,2b|3f,tb_2b_3f_none,True,12,86.37,OK_BYPASS,
vlarge2_bal_fat,2c|3h,tb_2c_3h_none,True,90,390.09,OK_BYPASS,
vlarge_mod_ring,2b|3j,tb_2b_3j_none,True,19,449.84,OK_BYPASS,
vlarge2_dense_2d,2b|3f,tb_2b_3f_none,True,124,96.97,OK_BYPASS,
vlarge2_mod_ring,2b|3i,tb_2b_3i_none,True,34,480.49,OK_BYPASS,
med_mod_fat,2f|3a,tb_2f_3a_none,True,1355,35.91,OK_BYPASS,
med_full_torus,2b|3g,tb_2b_3g_none,True,12,86.89,OK_BYPASS,
large_bal_mesh,2c|3f,tb_2c_3f_none,True,142,48.86,OK_BYPASS,
vlarge2_dense_2d,2b|3g,tb_2b_3g_none,True,124,97.17,OK_BYPASS,
med_dense_mesh,2i|3i,tb_2i_3i_none,True,1236,19.04,OK_BYPASS,
vlarge2_mod_ring,2b|3j,tb_2b_3j_none,True,34,470.99,OK_BYPASS,
vlarge_bal_fat,2d|3d,tb_2d_3d_none,True,424,138.86,OK_BYPASS,
max_dense_hc,2b|3g,tb_2b_3g_none,True,64,830.55,OK_BYPASS,
large_mod_ring,2c|3d,tb_2c_3d_none,True,27,173.54,OK_BYPASS,
med_full_torus,2b|3h,tb_2b_3h_none,True,12,89.61,OK_BYPASS,
max_dense_hc,2b|3h,tb_2b_3h_none,True,64,821.62,OK_BYPASS,
vlarge2_dense_2d,2b|3h,tb_2b_3h_none,True,124,97.38,OK_BYPASS,
med_dense_mesh,2i|3j,tb_2i_3j_none,True,1237,20.6,OK_BYPASS,
max_unbal_fat,2d|3d,tb_2d_3d_none,True,1139,165.48,OK_BYPASS,
med_mod_fat,2g|3i,tb_2g_3i_none,True,99,39.3,OK_BYPASS,
med_full_torus,2b|3i,tb_2b_3i_none,True,12,88.39,OK_BYPASS,
med_mod_ring,2c|3h,tb_2c_3h_none,True,38,45.32,OK_BYPASS,
vlarge_bal_mesh,2c|3d,tb_2c_3d_none,True,110,219.97,OK_BYPASS,
large_bal_mesh,2c|3h,tb_2c_3h_none,True,142,49.36,OK_BYPASS,
large_unbal_torus,2c|3e,tb_2c_3e_none,True,304,34.66,OK_BYPASS,
vlarge2_dense_2d,2b|3i,tb_2b_3i_none,True,124,92.67,OK_BYPASS,
vlarge2_bal_fat,2d|3d,tb_2d_3d_none,True,464,352.33,OK_BYPASS,
vlarge_mod_ring,2c|3d,tb_2c_3d_none,True,3079,440.17,OK_BYPASS,
med_dense_mesh,2j|3a,tb_2j_3a_none,True,274,18.82,OK_BYPASS,
med_mod_fat,2g|3j,tb_2g_3j_none,True,99,34.16,OK_BYPASS,
npow2_small_torus,2n|3a,tb_2n_3a_none,True,511,20.23,OK_BYPASS,
npow2_tiny_hc,2o|3a,tb_2o_3a_none,True,87,17.14,OK_BYPASS,
med_full_torus,2b|3j,tb_2b_3j_none,True,12,88.1,OK_BYPASS,
npow2g_small_mesh,2p|3a,tb_2p_3a_none,True,74,15.79,OK_BYPASS,
large_unbal_torus,2c|3i,tb_2c_3i_none,True,304,32.75,OK_BYPASS,
vlarge2_mod_ring,2c|3d,tb_2c_3d_none,True,1511,457.61,OK_BYPASS,
med_dense_mesh,2k|3a,tb_2k_3a_none,True,156,18.32,OK_BYPASS,
vlarge2_dense_2d,2b|3j,tb_2b_3j_none,True,124,92.1,OK_BYPASS,
max_dense_hc,2c|3d,tb_2c_3d_none,True,94,743.87,OK_BYPASS,
npow2_small_torus,2n|3b,tb_2n_3b_none,True,511,20.61,OK_BYPASS,
npow2_tiny_hc,2p|3a,tb_2p_3a_none,True,149,18.5,OK_BYPASS,
npow2g_small_mesh,2r|3a,tb_2r_3a_none,True,122,17.26,OK_BYPASS,
max_bal_2d,2a|3d,tb_2a_3d_none,True,536,1752.26,OK_BYPASS,
med_full_torus,2c|3a,tb_2c_3a_none,True,227,85.22,OK_BYPASS,
large_dense_hc,2h|3d,tb_2h_3d_none,True,1170,35.26,OK_BYPASS,
vlarge_dense_2d,2d|3d,tb_2d_3d_none,True,869,56.97,OK_BYPASS,
large_unbal_torus,2d|3a,tb_2d_3a_none,True,628,37.23,OK_BYPASS,
med_bal_2d,2h|3b,tb_2h_3b_none,True,440,21.52,OK_BYPASS,
med_dense_mesh,2k|3i,tb_2k_3i_none,True,156,18.36,OK_BYPASS,
max_bal_2d,2a|3j,tb_2a_3j_none,True,534,1763.86,OK_BYPASS,
vlarge2_dense_2d,2c|3a,tb_2c_3a_none,True,337,93.17,OK_BYPASS,
npow2_small_torus,2n|3g,tb_2n_3g_none,True,511,20.06,OK_BYPASS,
npow2_tiny_hc,2p|3h,tb_2p_3h_none,True,149,18.45,OK_BYPASS,
vlarge_extreme_1d,2g|3h,tb_2g_3h_none,True,930,30.57,OK_BYPASS,
med_full_torus,2c|3b,tb_2c_3b_none,True,228,90.91,OK_BYPASS,
vlarge2_dense_2d,2c|3b,tb_2c_3b_none,True,337,102.94,OK_BYPASS,
vlarge_unbal_hc,2c|3h,tb_2c_3h_none,True,5,63.76,OK_BYPASS,
large_unbal_torus,2d|3b,tb_2d_3b_none,True,628,35.81,OK_BYPASS,
med_dense_mesh,2l|3a,tb_2l_3a_none,True,244,18.35,OK_BYPASS,
vlarge_bal_fat,2f|3a,tb_2f_3a_none,True,9528,156.45,OK_BYPASS,
med_mod_fat,2h|3d,tb_2h_3d_none,True,376,37.31,OK_BYPASS,
max_bal_2d,2b|3d,tb_2b_3d_none,True,34,1708.28,OK_BYPASS,
med_full_torus,2c|3c,tb_2c_3c_none,True,228,85.77,OK_BYPASS,
npow2_small_torus,2o|3a,tb_2o_3a_none,True,146,20.33,OK_BYPASS,
npow2_tiny_hc,2q|3a,tb_2q_3a_none,True,210,18.01,OK_BYPASS,
large_unbal_torus,2d|3c,tb_2d_3c_none,True,628,37.53,OK_BYPASS,
max_unbal_fat,2f|3a,tb_2f_3a_none,True,8711,166.5,OK_BYPASS,
vlarge2_dense_2d,2c|3c,tb_2c_3c_none,True,337,95.68,OK_BYPASS,
med_dense_mesh,2n|3c,tb_2n_3c_none,True,131,19.18,OK_BYPASS,
med_full_torus,2c|3d,tb_2c_3d_none,True,228,87.61,OK_BYPASS,
max_dense_hc,2c|3h,tb_2c_3h_none,True,94,777.2,OK_BYPASS,
npow2_small_torus,2p|3a,tb_2p_3a_none,True,175,18.81,OK_BYPASS,
npow2_tiny_hc,2r|3a,tb_2r_3a_none,True,305,17.22,OK_BYPASS,
vlarge2_bal_fat,2f|3a,tb_2f_3a_none,True,19250,463.88,OK_BYPASS,
med_mod_ring,2d|3d,tb_2d_3d_none,True,32,46.05,OK_BYPASS,
large_unbal_torus,2d|3d,tb_2d_3d_none,True,628,38.82,OK_BYPASS,
vlarge2_dense_2d,2c|3d,tb_2c_3d_none,True,337,98.96,OK_BYPASS,
med_dense_mesh,2o|3i,tb_2o_3i_none,True,160,17.36,OK_BYPASS,
med_full_torus,2c|3e,tb_2c_3e_none,True,228,81.66,OK_BYPASS,
vlarge_mod_ring,2c|3j,tb_2c_3j_none,True,3075,438.73,OK_BYPASS,
npow2_small_torus,2q|3a,tb_2q_3a_none,True,95,18.84,OK_BYPASS,
npow2_tiny_hc,2r|3b,tb_2r_3b_none,True,307,16.33,OK_BYPASS,
small_bal_fat,2k|3i,tb_2k_3i_none,True,89,17.06,OK_BYPASS,
vlarge2_dense_2d,2c|3e,tb_2c_3e_none,True,337,94.91,OK_BYPASS,
max_bal_2d,2b|3j,tb_2b_3j_none,True,34,1657.18,OK_BYPASS,
large_bal_fat,2h|3d,tb_2h_3d_none,True,829,65.07,OK_BYPASS,
large_bal_mesh,2d|3d,tb_2d_3d_none,True,437,52.02,OK_BYPASS,
vlarge_bal_fat,2g|3d,tb_2g_3d_none,True,338,135.38,OK_BYPASS,
large_unbal_torus,2d|3e,tb_2d_3e_none,True,628,37.7,OK_BYPASS,
vlarge2_bal_fat,2g|3d,tb_2g_3d_none,True,621,335.22,OK_BYPASS,
max_dense_hc,2d|3b,tb_2d_3b_none,True,516,793.71,OK_BYPASS,
large_mod_ring,2d|3d,tb_2d_3d_none,True,674,155.06,OK_BYPASS,
max_unbal_fat,2h|3d,tb_2h_3d_none,True,3448,161.54,OK_BYPASS,
max_bal_2d,2c|3d,tb_2c_3d_none,True,158,1626.45,OK_BYPASS,
med_dense_mesh,2p|3a,tb_2p_3a_none,True,494,16.79,OK_BYPASS,
med_full_torus,2c|3f,tb_2c_3f_none,True,228,79.43,OK_BYPASS,
med_mod_fat,2h|3j,tb_2h_3j_none,True,376,33.72,OK_BYPASS,
npow2_small_torus,2r|3a,tb_2r_3a_none,True,404,19.97,OK_BYPASS,
vlarge2_dense_2d,2c|3f,tb_2c_3f_none,True,337,95.52,OK_BYPASS,
max_dense_hc,2d|3d,tb_2d_3d_none,True,516,762.09,OK_BYPASS,
large_unbal_torus,2d|3f,tb_2d_3f_none,True,628,35.0,OK_BYPASS,
med_dense_mesh,2q|3i,tb_2q_3i_none,True,271,18.1,OK_BYPASS,
vlarge_mod_ring,2d|3d,tb_2d_3d_none,True,1181,391.68,OK_BYPASS,
med_full_torus,2c|3g,tb_2c_3g_none,True,228,81.78,OK_BYPASS,
med_mod_ring,2d|3g,tb_2d_3g_none,True,32,43.32,OK_BYPASS,
npow2_small_torus,2r|3b,tb_2r_3b_none,True,406,19.98,OK_BYPASS,
vlarge_unbal_hc,2d|3d,tb_2d_3d_none,True,827,62.9,OK_BYPASS,
vlarge2_dense_2d,2c|3g,tb_2c_3g_none,True,337,94.4,OK_BYPASS,
large_unbal_torus,2d|3g,tb_2d_3g_none,True,628,34.82,OK_BYPASS,
med_dense_mesh,2r|3a,tb_2r_3a_none,True,488,19.98,OK_BYPASS,
med_full_torus,2c|3h,tb_2c_3h_none,True,228,82.41,OK_BYPASS,
npow2_small_torus,2r|3c,tb_2r_3c_none,True,404,19.22,OK_BYPASS,
small_mod_2d,2o|3i,tb_2o_3i_none,True,66,19.91,OK_BYPASS,
maxp_dense_hc,2c|3d,tb_2c_3d_none,True,172,3215.17,OK_BYPASS,
vlarge2_dense_2d,2c|3h,tb_2c_3h_none,True,337,87.56,OK_BYPASS,
vlarge_bal_mesh,2d|3d,tb_2d_3d_none,True,683,192.75,OK_BYPASS,
large_unbal_torus,2d|3h,tb_2d_3h_none,True,628,31.3,OK_BYPASS,
max_bal_2d,2c|3j,tb_2c_3j_none,True,158,1535.64,OK_BYPASS,
vlarge2_mod_ring,2d|3d,tb_2d_3d_none,True,1228,377.18,OK_BYPASS,
med_dense_mesh,2r|3c,tb_2r_3c_none,True,486,16.91,OK_BYPASS,
maxp_dense_hc,2c|3h,tb_2c_3h_none,True,172,3156.93,OK_BYPASS,
npow2_small_torus,2r|3f,tb_2r_3f_none,True,404,16.97,OK_BYPASS,
med_full_torus,2c|3i,tb_2c_3i_none,True,228,75.12,OK_BYPASS,
vlarge2_dense_2d,2c|3i,tb_2c_3i_none,True,337,85.1,OK_BYPASS,
large_mod_ring,2d|3h,tb_2d_3h_none,True,674,144.96,OK_BYPASS,
large_unbal_torus,2d|3i,tb_2d_3i_none,True,626,32.59,OK_BYPASS,
maxp_dense_hc,2c|3j,tb_2c_3j_none,True,172,3075.89,OK_BYPASS,
vlarge_mod_ring,2d|3g,tb_2d_3g_none,True,1171,348.87,OK_BYPASS,
med_dense_mesh,2r|3e,tb_2r_3e_none,True,486,17.5,OK_BYPASS,
med_full_torus,2c|3j,tb_2c_3j_none,True,228,76.13,OK_BYPASS,
npow2_small_torus,2r|3g,tb_2r_3g_none,True,404,19.27,OK_BYPASS,
vlarge2_dense_2d,2c|3j,tb_2c_3j_none,True,337,88.66,OK_BYPASS,
vlarge_dense_hc,2h|3d,tb_2h_3d_none,True,2463,35.45,OK_BYPASS,
vlarge_mod_ring,2d|3h,tb_2d_3h_none,True,1185,352.9,OK_BYPASS,
maxp_dense_hc,2d|3d,tb_2d_3d_none,True,594,3129.9,OK_BYPASS,
large_dense_2d,2i|3b,tb_2i_3b_none,True,3775,24.44,OK_BYPASS,
large_unbal_torus,2d|3j,tb_2d_3j_none,True,628,32.88,OK_BYPASS,
med_dense_mesh,2r|3f,tb_2r_3f_none,True,489,16.98,OK_BYPASS,
med_full_torus,2d|3b,tb_2d_3b_none,True,228,74.98,OK_BYPASS,
med_mod_ring,2f|3a,tb_2f_3a_none,True,1586,39.35,OK_BYPASS,
npow2_small_torus,2r|3h,tb_2r_3h_none,True,406,18.22,OK_BYPASS,
vlarge2_bal_fat,2h|3d,tb_2h_3d_none,True,1586,336.17,OK_BYPASS,
maxp_bal_2d,2a|3d,tb_2a_3d_none,True,258,5964.15,OK_BYPASS,
vlarge2_dense_2d,2d|3a,tb_2d_3a_none,True,1013,91.24,OK_BYPASS,
maxp_bal_2d,2a|3i,tb_2a_3i_none,True,258,5956.3,OK_BYPASS,
large_dense_hc,2i|3d,tb_2i_3d_none,True,2929,35.44,OK_BYPASS,
maxp_bal_2d,2a|3j,tb_2a_3j_none,True,258,5945.86,OK_BYPASS,
large_unbal_torus,2f|3a,tb_2f_3a_none,True,2064,34.58,OK_BYPASS,
maxp_dense_hc,2d|3e,tb_2d_3e_none,True,594,3120.69,OK_BYPASS,
vlarge_bal_fat,2h|3d,tb_2h_3d_none,True,1110,128.02,OK_BYPASS,
med_dense_mesh,2r|3g,tb_2r_3g_none,True,485,18.05,OK_BYPASS,
npow2_small_torus,2r|3i,tb_2r_3i_none,True,406,18.94,OK_BYPASS,
max_bal_2d,2d|3d,tb_2d_3d_none,True,329,1521.86,OK_BYPASS,
med_full_torus,2d|3c,tb_2d_3c_none,True,228,82.06,OK_BYPASS,
vlarge2_dense_2d,2d|3b,tb_2d_3b_none,True,1013,97.16,OK_BYPASS,
large_bal_fat,2i|3d,tb_2i_3d_none,True,2344,66.39,OK_BYPASS,
large_unbal_torus,2g|3g,tb_2g_3g_none,True,337,34.11,OK_BYPASS,
vlarge2_mod_ring,2d|3h,tb_2d_3h_none,True,1226,407.15,OK_BYPASS,
maxp_bal_2d,2b|3d,tb_2b_3d_none,True,34,5750.4,OK_BYPASS,
med_dense_mesh,2r|3i,tb_2r_3i_none,True,487,18.49,OK_BYPASS,
large_mod_ring,2f|3a,tb_2f_3a_none,True,6324,172.71,OK_BYPASS,
med_full_torus,2d|3d,tb_2d_3d_none,True,228,83.23,OK_BYPASS,
npow2_small_torus,2r|3j,tb_2r_3j_none,True,406,18.65,OK_BYPASS,
vlarge2_dense_2d,2d|3c,tb_2d_3c_none,True,1013,90.07,OK_BYPASS,
vlarge_mod_ring,2d|3j,tb_2d_3j_none,True,1180,376.45,OK_BYPASS,
large_unbal_torus,2g|3h,tb_2g_3h_none,True,338,33.56,OK_BYPASS,
max_dense_hc,2d|3j,tb_2d_3j_none,True,520,729.78,OK_BYPASS,
vlarge_mod_ring,2f|3a,tb_2f_3a_none,True,12646,429.06,OK_BYPASS,
med_bal_2d,2m|3h,tb_2m_3h_none,True,212,20.23,OK_BYPASS,
maxp_bal_2d,2b|3i,tb_2b_3i_none,True,34,5710.13,OK_BYPASS,
med_full_torus,2d|3e,tb_2d_3e_none,True,228,76.63,OK_BYPASS,
vlarge2_dense_2d,2d|3d,tb_2d_3d_none,True,1013,85.9,OK_BYPASS,
vlarge_dense_2d,2h|3d,tb_2h_3d_none,True,1809,51.26,OK_BYPASS,
maxp_bal_2d,2b|3j,tb_2b_3j_none,True,34,5671.72,OK_BYPASS,
vlarge_unbal_hc,2f|3a,tb_2f_3a_none,True,4441,56.01,OK_BYPASS,
large_unbal_torus,2g|3i,tb_2g_3i_none,True,337,31.47,OK_BYPASS,
max_unbal_fat,2i|3d,tb_2i_3d_none,True,9574,212.51,OK_BYPASS,
med_full_torus,2d|3f,tb_2d_3f_none,True,228,76.3,OK_BYPASS,
med_mod_ring,2g|3d,tb_2g_3d_none,True,159,37.34,OK_BYPASS,
maxp_bal_2d,2c|3d,tb_2c_3d_none,True,34,5548.01,OK_BYPASS,
vlarge2_dense_2d,2d|3e,tb_2d_3e_none,True,1013,85.82,OK_BYPASS,
vlarge2_bal_fat,2h|3j,tb_2h_3j_none,True,1589,323.73,OK_BYPASS,
maxp_bal_2d,2c|3e,tb_2c_3e_none,True,34,5540.98,OK_BYPASS,
large_bal_fat,2i|3g,tb_2i_3g_none,True,2344,59.27,OK_BYPASS,
large_unbal_torus,2h|3a,tb_2h_3a_none,True,1240,32.3,OK_BYPASS,
vlarge_bal_mesh,2f|3a,tb_2f_3a_none,True,19130,228.32,OK_BYPASS,
vlarge_mod_ring,2g|3d,tb_2g_3d_none,True,1118,341.37,OK_BYPASS,
med_full_torus,2d|3h,tb_2d_3h_none,True,228,74.04,OK_BYPASS,
vlarge2_dense_2d,2d|3f,tb_2d_3f_none,True,1013,86.0,OK_BYPASS,
large_mod_ring,2g|3d,tb_2g_3d_none,True,341,144.37,OK_BYPASS,
large_unbal_torus,2h|3b,tb_2h_3b_none,True,1239,32.1,OK_BYPASS,
maxp_dense_hc,2d|3j,tb_2d_3j_none,True,594,3031.25,OK_BYPASS,
vlarge2_mod_ring,2f|3a,tb_2f_3a_none,False,20009,1610.82,SIM_TB_TIMEOUT_BYPASS,TIMEOUT; [FAIL] 2048L 512G ring: TIMEOUT
max_dense_hc,2g|3d,tb_2g_3d_none,True,399,627.42,OK_BYPASS,
maxp_dense_hc,2g|3a,tb_2g_3a_none,True,355,2805.54,OK_BYPASS,
med_full_torus,2d|3i,tb_2d_3i_none,True,228,72.17,OK_BYPASS,
large_bal_mesh,2h|3d,tb_2h_3d_none,True,917,45.12,OK_BYPASS,
large_dense_2d,2k|3i,tb_2k_3i_none,True,287,18.61,OK_BYPASS,
vlarge2_dense_2d,2d|3g,tb_2d_3g_none,True,1013,83.94,OK_BYPASS,
large_unbal_torus,2h|3c,tb_2h_3c_none,True,1239,31.69,OK_BYPASS,
max_bal_2d,2d|3j,tb_2d_3j_none,True,327,1410.64,OK_BYPASS,
med_full_torus,2f|3a,tb_2f_3a_none,True,1614,74.06,OK_BYPASS,
med_mod_ring,2g|3h,tb_2g_3h_none,True,169,37.11,OK_BYPASS,
max_unbal_fat,2i|3g,tb_2i_3g_none,True,9574,198.97,OK_BYPASS,
vlarge2_dense_2d,2d|3h,tb_2d_3h_none,True,1013,84.36,OK_BYPASS,
maxp_dense_hc,2g|3b,tb_2g_3b_none,True,355,2721.62,OK_BYPASS,
maxp_bal_2d,2c|3i,tb_2c_3i_none,True,34,5339.4,OK_BYPASS,
vlarge_bal_fat,2i|3d,tb_2i_3d_none,True,4113,136.27,OK_BYPASS,
large_unbal_torus,2h|3d,tb_2h_3d_none,True,1239,32.62,OK_BYPASS,
med_full_torus,2g|3a,tb_2g_3a_none,True,104,73.26,OK_BYPASS,
vlarge2_mod_ring,2g|3d,tb_2g_3d_none,True,711,358.1,OK_BYPASS,
vlarge_mod_ring,2g|3h,tb_2g_3h_none,True,1114,333.86,OK_BYPASS,
vlarge2_dense_2d,2d|3i,tb_2d_3i_none,True,1013,85.5,OK_BYPASS,
vlarge_bal_fat,2i|3e,tb_2i_3e_none,True,4118,128.13,OK_BYPASS,
maxp_bal_2d,2c|3j,tb_2c_3j_none,True,34,5319.41,OK_BYPASS,
vlarge_dense_2d,2h|3i,tb_2h_3i_none,True,1816,47.42,OK_BYPASS,
vlarge2_bal_fat,2i|3d,tb_2i_3d_none,True,4369,367.95,OK_BYPASS,
vlarge_dense_hc,2i|3c,tb_2i_3c_none,True,6471,38.49,OK_BYPASS,
vlarge_extreme_1d,2i|3f,tb_2i_3f_none,True,11796,29.46,OK_BYPASS,
vlarge_unbal_hc,2h|3d,tb_2h_3d_none,True,2639,54.63,OK_BYPASS,
vlarge_bal_mesh,2g|3d,tb_2g_3d_none,True,390,182.0,OK_BYPASS,
large_dense_2d,2m|3e,tb_2m_3e_none,True,1225,24.85,OK_BYPASS,
large_bal_mesh,2h|3f,tb_2h_3f_none,True,917,45.13,OK_BYPASS,
vlarge2_mod_ring,2g|3e,tb_2g_3e_none,True,711,364.65,OK_BYPASS,
large_dense_hc,2k|3a,tb_2k_3a_none,True,178,27.5,OK_BYPASS,
large_extreme_1d,2m|3e,tb_2m_3e_none,True,2085,18.48,OK_BYPASS,
large_unbal_torus,2h|3e,tb_2h_3e_none,True,1239,32.24,OK_BYPASS,
large_mod_ring,2g|3h,tb_2g_3h_none,True,346,138.35,OK_BYPASS,
vlarge_mod_ring,2g|3i,tb_2g_3i_none,True,1109,330.62,OK_BYPASS,
med_bal_2d,2r|3a,tb_2r_3a_none,True,407,17.59,OK_BYPASS,
max_unbal_fat,2i|3j,tb_2i_3j_none,True,9575,197.15,OK_BYPASS,
med_mod_fat,2m|3e,tb_2m_3e_none,True,93,28.36,OK_BYPASS,
med_full_torus,2g|3b,tb_2g_3b_none,True,104,69.32,OK_BYPASS,
med_mod_ring,2g|3j,tb_2g_3j_none,True,159,36.74,OK_BYPASS,
npow2_med_fat,2r|3a,tb_2r_3a_none,True,638,18.84,OK_BYPASS,
maxp_dense_hc,2g|3d,tb_2g_3d_none,True,353,2618.5,OK_BYPASS,
small_bal_fat,2r|3c,tb_2r_3c_none,True,150,16.79,OK_BYPASS,
small_mod_2d,2r|3e,tb_2r_3e_none,True,132,18.85,OK_BYPASS,
vlarge2_dense_2d,2d|3j,tb_2d_3j_none,True,1013,83.72,OK_BYPASS,
max_dense_hc,2f|3a,tb_2f_3a_none,False,20009,4402.47,SIM_TB_TIMEOUT_BYPASS,TIMEOUT; [FAIL] 4096L 512G hypercube_9d: TIMEOUT
vlarge_bal_fat,2i|3f,tb_2i_3f_none,True,4113,127.35,OK_BYPASS,
vlarge_dense_2d,2h|3j,tb_2h_3j_none,True,1810,47.55,OK_BYPASS,
vlarge_dense_hc,2i|3d,tb_2i_3d_none,True,6469,38.53,OK_BYPASS,
max_dense_hc,2g|3g,tb_2g_3g_none,True,399,600.97,OK_BYPASS,
vlarge_extreme_1d,2i|3h,tb_2i_3h_none,True,11795,30.66,OK_BYPASS,
vlarge2_bal_fat,2i|3e,tb_2i_3e_none,True,4370,356.84,OK_BYPASS,
vlarge_bal_mesh,2g|3e,tb_2g_3e_none,True,393,180.8,OK_BYPASS,
vlarge2_mod_ring,2g|3f,tb_2g_3f_none,True,713,357.36,OK_BYPASS,
vlarge_unbal_hc,2h|3e,tb_2h_3e_none,True,2637,53.68,OK_BYPASS,
large_dense_2d,2m|3h,tb_2m_3h_none,True,1256,22.79,OK_BYPASS,
large_dense_hc,2k|3c,tb_2k_3c_none,True,178,26.81,OK_BYPASS,
large_bal_mesh,2h|3g,tb_2h_3g_none,True,912,44.76,OK_BYPASS,
large_extreme_1d,2m|3i,tb_2m_3i_none,True,2112,18.1,OK_BYPASS,
large_unbal_torus,2h|3f,tb_2h_3f_none,True,1241,30.12,OK_BYPASS,
large_mod_ring,2g|3i,tb_2g_3i_none,True,341,134.64,OK_BYPASS,
maxp_dense_hc,2g|3e,tb_2g_3e_none,True,353,2571.87,OK_BYPASS,
vlarge_mod_ring,2g|3j,tb_2g_3j_none,True,1109,332.4,OK_BYPASS,
max_unbal_fat,2j|3c,tb_2j_3c_none,True,569,128.24,OK_BYPASS,
med_bal_2d,2r|3b,tb_2r_3b_none,True,407,19.33,OK_BYPASS,
med_full_torus,2g|3c,tb_2g_3c_none,True,105,71.24,OK_BYPASS,
med_mod_fat,2m|3h,tb_2m_3h_none,True,93,30.89,OK_BYPASS,
med_mod_ring,2h|3a,tb_2h_3a_none,True,538,36.72,OK_BYPASS,
npow2_med_fat,2r|3b,tb_2r_3b_none,True,638,20.26,OK_BYPASS,
small_bal_fat,2r|3e,tb_2r_3e_none,True,151,16.11,OK_BYPASS,
small_mod_2d,2r|3f,tb_2r_3f_none,True,132,18.45,OK_BYPASS,
max_dense_hc,2g|3h,tb_2g_3h_none,True,398,612.76,OK_BYPASS,
vlarge2_dense_2d,2f|3a,tb_2f_3a_none,True,13969,95.17,OK_BYPASS,
maxp_dense_hc,2g|3f,tb_2g_3f_none,True,351,2532.99,OK_BYPASS,
vlarge2_bal_fat,2i|3f,tb_2i_3f_none,True,4369,379.57,OK_BYPASS,
maxp_bal_2d,2d|3d,tb_2d_3d_none,True,417,5307.61,OK_BYPASS,
vlarge_bal_fat,2i|3g,tb_2i_3g_none,True,4113,139.56,OK_BYPASS,
vlarge_dense_2d,2i|3a,tb_2i_3a_none,True,4608,60.37,OK_BYPASS,
vlarge_dense_hc,2i|3f,tb_2i_3f_none,True,6469,41.41,OK_BYPASS,
vlarge_extreme_1d,2i|3i,tb_2i_3i_none,True,11801,30.19,OK_BYPASS,
vlarge_bal_mesh,2g|3f,tb_2g_3f_none,True,388,195.14,OK_BYPASS,
vlarge_unbal_hc,2h|3f,tb_2h_3f_none,True,2639,57.02,OK_BYPASS,
large_bal_mesh,2h|3h,tb_2h_3h_none,True,912,45.29,OK_BYPASS,
vlarge2_mod_ring,2g|3h,tb_2g_3h_none,True,712,380.88,OK_BYPASS,
large_dense_2d,2n|3a,tb_2n_3a_none,True,1594,19.74,OK_BYPASS,
large_extreme_1d,2n|3a,tb_2n_3a_none,True,4733,21.9,OK_BYPASS,
large_dense_hc,2k|3f,tb_2k_3f_none,True,178,29.9,OK_BYPASS,
large_unbal_torus,2h|3g,tb_2h_3g_none,True,1239,33.25,OK_BYPASS,
large_mod_ring,2g|3j,tb_2g_3j_none,True,341,137.74,OK_BYPASS,
max_unbal_fat,2j|3e,tb_2j_3e_none,True,569,129.08,OK_BYPASS,
med_bal_2d,2r|3c,tb_2r_3c_none,True,407,19.66,OK_BYPASS,
max_bal_2d,2g|3d,tb_2g_3d_none,True,439,1322.38,OK_BYPASS,
med_mod_fat,2n|3c,tb_2n_3c_none,True,287,29.57,OK_BYPASS,
med_full_torus,2g|3d,tb_2g_3d_none,True,104,72.99,OK_BYPASS,
npow2_med_fat,2r|3c,tb_2r_3c_none,True,638,19.39,OK_BYPASS,
med_mod_ring,2h|3b,tb_2h_3b_none,True,538,38.73,OK_BYPASS,
vlarge_mod_ring,2h|3a,tb_2h_3a_none,True,6271,381.41,OK_BYPASS,
small_mod_2d,2r|3h,tb_2r_3h_none,True,132,16.67,OK_BYPASS,
vlarge2_dense_2d,2g|3a,tb_2g_3a_none,True,487,82.05,OK_BYPASS,
maxp_bal_2d,2d|3e,tb_2d_3e_none,True,413,5296.11,OK_BYPASS,
vlarge_bal_fat,2i|3h,tb_2i_3h_none,True,4113,136.6,OK_BYPASS,
vlarge_dense_2d,2i|3b,tb_2i_3b_none,True,4609,54.36,OK_BYPASS,
vlarge_bal_mesh,2g|3g,tb_2g_3g_none,True,387,180.9,OK_BYPASS,
vlarge_extreme_1d,2j|3a,tb_2j_3a_none,True,1022,24.27,OK_BYPASS,
vlarge_dense_hc,2i|3g,tb_2i_3g_none,True,6470,38.13,OK_BYPASS,
max_dense_hc,2g|3i,tb_2g_3i_none,True,398,608.86,OK_BYPASS,
vlarge2_bal_fat,2i|3h,tb_2i_3h_none,True,4369,360.42,OK_BYPASS,
vlarge2_mod_ring,2g|3j,tb_2g_3j_none,True,711,353.08,OK_BYPASS,
vlarge_unbal_hc,2h|3g,tb_2h_3g_none,True,2639,54.55,OK_BYPASS,
large_dense_2d,2n|3h,tb_2n_3h_none,True,1594,19.09,OK_BYPASS,
large_bal_mesh,2h|3i,tb_2h_3i_none,True,912,41.6,OK_BYPASS,
large_extreme_1d,2n|3c,tb_2n_3c_none,True,4733,21.1,OK_BYPASS,
large_dense_hc,2l|3a,tb_2l_3a_none,True,244,28.41,OK_BYPASS,
large_unbal_torus,2h|3h,tb_2h_3h_none,True,1241,30.84,OK_BYPASS,
med_bal_2d,2r|3d,tb_2r_3d_none,True,407,19.85,OK_BYPASS,
med_full_torus,2g|3e,tb_2g_3e_none,True,104,73.42,OK_BYPASS,
max_unbal_fat,2k|3a,tb_2k_3a_none,True,184,124.58,OK_BYPASS,
large_mod_ring,2h|3a,tb_2h_3a_none,True,2725,144.54,OK_BYPASS,
med_mod_fat,2n|3e,tb_2n_3e_none,True,287,30.81,OK_BYPASS,
npow2_med_fat,2r|3e,tb_2r_3e_none,True,691,20.17,OK_BYPASS,
small_mod_2d,2r|3j,tb_2r_3j_none,True,132,17.89,OK_BYPASS,
med_mod_ring,2h|3c,tb_2h_3c_none,True,538,37.78,OK_BYPASS,
vlarge2_dense_2d,2g|3b,tb_2g_3b_none,True,487,77.86,OK_BYPASS,
vlarge_mod_ring,2h|3b,tb_2h_3b_none,True,6271,380.56,OK_BYPASS,
vlarge_bal_fat,2i|3j,tb_2i_3j_none,True,4113,128.23,OK_BYPASS,
vlarge_dense_2d,2i|3c,tb_2i_3c_none,True,4609,57.04,OK_BYPASS,
vlarge_dense_hc,2i|3h,tb_2i_3h_none,True,6468,37.57,OK_BYPASS,
vlarge_bal_mesh,2g|3h,tb_2g_3h_none,True,387,176.95,OK_BYPASS,
vlarge_extreme_1d,2k|3a,tb_2k_3a_none,True,537,21.79,OK_BYPASS,
vlarge2_bal_fat,2i|3j,tb_2i_3j_none,True,4369,363.22,OK_BYPASS,
vlarge_unbal_hc,2h|3h,tb_2h_3h_none,True,2641,54.47,OK_BYPASS,
large_dense_2d,2o|3i,tb_2o_3i_none,True,291,17.09,OK_BYPASS,
large_bal_mesh,2h|3j,tb_2h_3j_none,True,917,42.26,OK_BYPASS,
large_extreme_1d,2n|3d,tb_2n_3d_none,True,4734,21.79,OK_BYPASS,
large_dense_hc,2n|3a,tb_2n_3a_none,True,1366,27.51,OK_BYPASS,
large_unbal_torus,2h|3i,tb_2h_3i_none,True,1240,28.67,OK_BYPASS,
vlarge2_mod_ring,2h|3a,tb_2h_3a_none,True,10936,457.55,OK_BYPASS,
max_dense_hc,2h|3a,tb_2h_3a_none,True,1994,661.54,OK_BYPASS,
large_mod_ring,2h|3b,tb_2h_3b_none,True,2725,138.93,OK_BYPASS,
med_bal_2d,2r|3e,tb_2r_3e_none,True,407,19.74,OK_BYPASS,
max_unbal_fat,2k|3e,tb_2k_3e_none,True,184,120.96,OK_BYPASS,
med_full_torus,2g|3f,tb_2g_3f_none,True,104,69.97,OK_BYPASS,
med_mod_fat,2o|3a,tb_2o_3a_none,True,110,29.7,OK_BYPASS,
npow2_med_fat,2r|3h,tb_2r_3h_none,True,638,20.79,OK_BYPASS,
vlarge_mod_ring,2h|3c,tb_2h_3c_none,True,6271,359.8,OK_BYPASS,
med_mod_ring,2h|3d,tb_2h_3d_none,True,543,35.2,OK_BYPASS,
vlarge2_dense_2d,2g|3c,tb_2g_3c_none,True,487,78.29,OK_BYPASS,
maxp_dense_hc,2g|3i,tb_2g_3i_none,True,355,2478.22,OK_BYPASS,
vlarge_bal_fat,2j|3c,tb_2j_3c_none,True,226,108.05,OK_BYPASS,
vlarge_dense_2d,2i|3d,tb_2i_3d_none,True,4611,53.48,OK_BYPASS,
vlarge2_bal_fat,2j|3c,tb_2j_3c_none,True,242,274.48,OK_BYPASS,
vlarge_bal_mesh,2g|3i,tb_2g_3i_none,True,393,179.26,OK_BYPASS,
vlarge_dense_hc,2i|3i,tb_2i_3i_none,True,6469,37.88,OK_BYPASS,
vlarge_extreme_1d,2k|3b,tb_2k_3b_none,True,540,22.47,OK_BYPASS,
vlarge_unbal_hc,2h|3i,tb_2h_3i_none,True,2641,54.24,OK_BYPASS,
large_bal_mesh,2i|3a,tb_2i_3a_none,True,2627,44.04,OK_BYPASS,
large_dense_2d,2p|3c,tb_2p_3c_none,True,520,18.18,OK_BYPASS,
large_dense_hc,2n|3b,tb_2n_3b_none,True,1366,29.71,OK_BYPASS,
large_extreme_1d,2n|3f,tb_2n_3f_none,True,4733,22.45,OK_BYPASS,
large_unbal_torus,2h|3j,tb_2h_3j_none,True,1239,29.42,OK_BYPASS,
max_dense_hc,2h|3b,tb_2h_3b_none,True,1998,646.38,OK_BYPASS,
vlarge2_mod_ring,2h|3b,tb_2h_3b_none,True,10941,462.22,OK_BYPASS,
large_mod_ring,2h|3c,tb_2h_3c_none,True,2725,141.44,OK_BYPASS,
med_bal_2d,2r|3f,tb_2r_3f_none,True,407,19.59,OK_BYPASS,
max_unbal_fat,2l|3c,tb_2l_3c_none,True,244,123.23,OK_BYPASS,
med_mod_fat,2o|3e,tb_2o_3e_none,True,110,30.45,OK_BYPASS,
med_full_torus,2g|3g,tb_2g_3g_none,True,104,69.71,OK_BYPASS,
med_mod_ring,2h|3e,tb_2h_3e_none,True,538,35.47,OK_BYPASS,
vlarge_mod_ring,2h|3d,tb_2h_3d_none,True,6276,359.41,OK_BYPASS,
vlarge2_dense_2d,2g|3d,tb_2g_3d_none,True,487,77.15,OK_BYPASS,
vlarge_bal_fat,2j|3e,tb_2j_3e_none,True,226,110.68,OK_BYPASS,
vlarge2_bal_fat,2j|3e,tb_2j_3e_none,True,242,269.22,OK_BYPASS,
vlarge_dense_2d,2i|3e,tb_2i_3e_none,True,4608,55.2,OK_BYPASS,
vlarge_dense_hc,2i|3j,tb_2i_3j_none,True,6472,39.14,OK_BYPASS,
vlarge_bal_mesh,2g|3j,tb_2g_3j_none,True,395,174.01,OK_BYPASS,
vlarge_extreme_1d,2k|3c,tb_2k_3c_none,True,541,21.68,OK_BYPASS,
max_dense_hc,2h|3c,tb_2h_3c_none,True,1997,633.43,OK_BYPASS,
vlarge_unbal_hc,2h|3j,tb_2h_3j_none,True,2639,53.02,OK_BYPASS,
large_dense_2d,2p|3h,tb_2p_3h_none,True,520,18.5,OK_BYPASS,
maxp_dense_hc,2g|3j,tb_2g_3j_none,True,350,2442.32,OK_BYPASS,
large_bal_mesh,2i|3b,tb_2i_3b_none,True,2627,45.15,OK_BYPASS,
vlarge2_mod_ring,2h|3c,tb_2h_3c_none,True,10941,445.12,OK_BYPASS,
large_dense_hc,2n|3c,tb_2n_3c_none,True,1366,28.94,OK_BYPASS,
large_extreme_1d,2n|3i,tb_2n_3i_none,True,4734,19.1,OK_BYPASS,
large_unbal_torus,2i|3a,tb_2i_3a_none,True,3100,31.86,OK_BYPASS,
max_unbal_fat,2l|3e,tb_2l_3e_none,True,244,120.84,OK_BYPASS,
large_mod_ring,2h|3d,tb_2h_3d_none,True,2725,139.62,OK_BYPASS,
med_bal_2d,2r|3g,tb_2r_3g_none,True,407,18.84,OK_BYPASS,
maxp_bal_2d,2d|3i,tb_2d_3i_none,True,413,5221.69,OK_BYPASS,
med_full_torus,2g|3h,tb_2g_3h_none,True,104,71.95,OK_BYPASS,
med_mod_fat,2p|3c,tb_2p_3c_none,True,127,28.51,OK_BYPASS,
vlarge_mod_ring,2h|3e,tb_2h_3e_none,True,6271,361.11,OK_BYPASS,
med_mod_ring,2h|3f,tb_2h_3f_none,True,538,37.52,OK_BYPASS,
vlarge2_dense_2d,2g|3e,tb_2g_3e_none,True,487,82.93,OK_BYPASS,
vlarge_bal_fat,2k|3a,tb_2k_3a_none,True,169,111.31,OK_BYPASS,
vlarge2_bal_fat,2k|3a,tb_2k_3a_none,True,204,278.52,OK_BYPASS,
vlarge_dense_2d,2i|3f,tb_2i_3f_none,True,4609,57.3,OK_BYPASS,
vlarge_dense_hc,2j|3c,tb_2j_3c_none,True,542,32.33,OK_BYPASS,
vlarge_extreme_1d,2k|3i,tb_2k_3i_none,True,541,22.5,OK_BYPASS,
vlarge_bal_mesh,2h|3a,tb_2h_3a_none,True,2610,198.38,OK_BYPASS,
max_dense_hc,2h|3d,tb_2h_3d_none,True,1999,657.34,OK_BYPASS,
vlarge_unbal_hc,2i|3a,tb_2i_3a_none,True,7043,64.4,OK_BYPASS,
large_bal_fat,2n|3d,tb_2n_3d_none,True,782,55.25,OK_BYPASS,
vlarge2_mod_ring,2h|3d,tb_2h_3d_none,True,10946,456.83,OK_BYPASS,
large_dense_2d,2q|3a,tb_2q_3a_none,True,535,18.04,OK_BYPASS,
large_extreme_1d,2o|3a,tb_2o_3a_none,True,524,16.73,OK_BYPASS,
large_dense_hc,2n|3d,tb_2n_3d_none,True,1366,29.6,OK_BYPASS,
large_bal_mesh,2i|3c,tb_2i_3c_none,True,2630,46.03,OK_BYPASS,
large_unbal_torus,2i|3b,tb_2i_3b_none,True,3100,32.73,OK_BYPASS,
large_mod_ring,2h|3e,tb_2h_3e_none,True,2725,143.18,OK_BYPASS,
maxp_bal_2d,2d|3j,tb_2d_3j_none,True,415,5163.37,OK_BYPASS,
med_full_torus,2g|3i,tb_2g_3i_none,True,104,73.0,OK_BYPASS,
med_mod_fat,2p|3e,tb_2p_3e_none,True,127,30.27,OK_BYPASS,
vlarge_mod_ring,2h|3f,tb_2h_3f_none,True,6271,375.03,OK_BYPASS,
med_mod_ring,2h|3h,tb_2h_3h_none,True,543,37.38,OK_BYPASS,
max_unbal_fat,2n|3a,tb_2n_3a_none,True,7021,188.52,OK_BYPASS,
vlarge2_dense_2d,2g|3f,tb_2g_3f_none,True,487,84.8,OK_BYPASS,
vlarge_bal_fat,2k|3e,tb_2k_3e_none,True,166,110.28,OK_BYPASS,
vlarge2_bal_fat,2k|3e,tb_2k_3e_none,True,196,279.96,OK_BYPASS,
vlarge_dense_2d,2i|3g,tb_2i_3g_none,True,4610,57.49,OK_BYPASS,
vlarge_dense_hc,2k|3a,tb_2k_3a_none,True,298,32.67,OK_BYPASS,
vlarge_extreme_1d,2k|3j,tb_2k_3j_none,True,540,22.93,OK_BYPASS,
vlarge_bal_mesh,2h|3b,tb_2h_3b_none,True,2615,192.72,OK_BYPASS,
max_dense_hc,2h|3e,tb_2h_3e_none,True,1999,669.03,OK_BYPASS,
vlarge_unbal_hc,2i|3b,tb_2i_3b_none,True,7044,66.03,OK_BYPASS,
large_bal_mesh,2i|3d,tb_2i_3d_none,True,2631,44.39,OK_BYPASS,
large_dense_2d,2r|3a,tb_2r_3a_none,True,1360,22.64,OK_BYPASS,
large_dense_hc,2n|3f,tb_2n_3f_none,True,1366,29.55,OK_BYPASS,
large_extreme_1d,2p|3a,tb_2p_3a_none,True,1934,16.0,OK_BYPASS,
vlarge2_mod_ring,2h|3e,tb_2h_3e_none,True,10941,469.96,OK_BYPASS,
large_unbal_torus,2i|3d,tb_2i_3d_none,True,3100,32.45,OK_BYPASS,
large_mod_ring,2h|3f,tb_2h_3f_none,True,2725,145.83,OK_BYPASS,
vlarge_mod_ring,2h|3h,tb_2h_3h_none,True,6276,367.69,OK_BYPASS,
med_full_torus,2g|3j,tb_2g_3j_none,True,104,68.46,OK_BYPASS,
max_unbal_fat,2n|3b,tb_2n_3b_none,True,7022,181.23,OK_BYPASS,
med_mod_fat,2p|3h,tb_2p_3h_none,True,127,27.86,OK_BYPASS,
med_mod_ring,2h|3i,tb_2h_3i_none,True,538,37.35,OK_BYPASS,
vlarge2_dense_2d,2g|3g,tb_2g_3g_none,True,487,78.73,OK_BYPASS,
max_bal_2d,2g|3j,tb_2g_3j_none,True,434,1260.24,OK_BYPASS,
vlarge2_bal_fat,2l|3c,tb_2l_3c_none,True,124,263.29,OK_BYPASS,
vlarge_bal_fat,2l|3c,tb_2l_3c_none,True,124,107.44,OK_BYPASS,
vlarge_dense_2d,2i|3h,tb_2i_3h_none,True,4609,51.34,OK_BYPASS,
max_dense_hc,2h|3f,tb_2h_3f_none,True,1994,638.1,OK_BYPASS,
vlarge_dense_hc,2k|3c,tb_2k_3c_none,True,298,30.42,OK_BYPASS,
vlarge_extreme_1d,2l|3a,tb_2l_3a_none,True,964,23.04,OK_BYPASS,
vlarge_unbal_hc,2i|3c,tb_2i_3c_none,True,7043,63.51,OK_BYPASS,
vlarge_bal_mesh,2h|3c,tb_2h_3c_none,True,2618,188.74,OK_BYPASS,
large_bal_mesh,2i|3e,tb_2i_3e_none,True,2630,44.86,OK_BYPASS,
large_dense_2d,2r|3b,tb_2r_3b_none,True,1358,20.55,OK_BYPASS,
large_extreme_1d,2q|3i,tb_2q_3i_none,True,992,14.98,OK_BYPASS,
large_dense_hc,2n|3g,tb_2n_3g_none,True,1366,30.86,OK_BYPASS,
large_unbal_torus,2i|3e,tb_2i_3e_none,True,3100,32.98,OK_BYPASS,
vlarge2_mod_ring,2h|3f,tb_2h_3f_none,True,10941,455.45,OK_BYPASS,
large_mod_ring,2h|3h,tb_2h_3h_none,True,2730,138.38,OK_BYPASS,
med_full_torus,2h|3a,tb_2h_3a_none,True,133,70.28,OK_BYPASS,
vlarge_mod_ring,2h|3i,tb_2h_3i_none,True,6276,358.92,OK_BYPASS,
med_mod_fat,2q|3a,tb_2q_3a_none,True,227,27.17,OK_BYPASS,
max_unbal_fat,2n|3c,tb_2n_3c_none,True,7020,171.74,OK_BYPASS,
med_mod_ring,2h|3j,tb_2h_3j_none,True,538,36.83,OK_BYPASS,
vlarge2_dense_2d,2g|3h,tb_2g_3h_none,True,487,81.49,OK_BYPASS,
vlarge_bal_fat,2l|3e,tb_2l_3e_none,True,124,106.14,OK_BYPASS,
vlarge2_bal_fat,2l|3e,tb_2l_3e_none,True,124,266.55,OK_BYPASS,
vlarge_dense_2d,2i|3i,tb_2i_3i_none,True,4608,51.33,OK_BYPASS,
vlarge_dense_hc,2k|3f,tb_2k_3f_none,True,298,28.01,OK_BYPASS,
maxp_dense_hc,2h|3d,tb_2h_3d_none,True,2053,2820.69,OK_BYPASS,
vlarge_extreme_1d,2m|3b,tb_2m_3b_none,True,3225,23.3,OK_BYPASS,
vlarge_bal_mesh,2h|3d,tb_2h_3d_none,True,2620,181.05,OK_BYPASS,
max_dense_hc,2h|3g,tb_2h_3g_none,True,1997,620.84,OK_BYPASS,
large_bal_mesh,2i|3f,tb_2i_3f_none,True,2630,44.14,OK_BYPASS,
vlarge_unbal_hc,2i|3d,tb_2i_3d_none,True,7046,61.0,OK_BYPASS,
vlarge2_mod_ring,2h|3h,tb_2h_3h_none,True,10946,425.92,OK_BYPASS,
large_dense_2d,2r|3c,tb_2r_3c_none,True,1360,22.7,OK_BYPASS,
large_extreme_1d,2r|3a,tb_2r_3a_none,True,2153,18.44,OK_BYPASS,
large_dense_hc,2n|3h,tb_2n_3h_none,True,1366,29.11,OK_BYPASS,
large_unbal_torus,2i|3f,tb_2i_3f_none,True,3100,30.81,OK_BYPASS,
large_mod_ring,2h|3i,tb_2h_3i_none,True,2725,135.97,OK_BYPASS,
max_unbal_fat,2n|3d,tb_2n_3d_none,True,7022,176.44,OK_BYPASS,
med_full_torus,2h|3c,tb_2h_3c_none,True,133,67.12,OK_BYPASS,
med_mod_fat,2r|3b,tb_2r_3b_none,True,381,30.06,OK_BYPASS,
med_mod_ring,2i|3a,tb_2i_3a_none,True,1353,36.67,OK_BYPASS,
vlarge_mod_ring,2h|3j,tb_2h_3j_none,True,6276,346.14,OK_BYPASS,
vlarge2_dense_2d,2g|3i,tb_2g_3i_none,True,487,74.44,OK_BYPASS,
vlarge_bal_fat,2n|3a,tb_2n_3a_none,True,1194,112.81,OK_BYPASS,
vlarge2_bal_fat,2n|3a,tb_2n_3a_none,True,1165,293.55,OK_BYPASS,
vlarge_dense_2d,2i|3j,tb_2i_3j_none,True,4608,52.42,OK_BYPASS,
vlarge_dense_hc,2l|3c,tb_2l_3c_none,True,484,30.8,OK_BYPASS,
max_dense_hc,2h|3h,tb_2h_3h_none,True,1997,600.18,OK_BYPASS,
vlarge_bal_mesh,2h|3e,tb_2h_3e_none,True,2620,178.77,OK_BYPASS,
vlarge_extreme_1d,2m|3d,tb_2m_3d_none,True,3202,23.09,OK_BYPASS,
large_bal_mesh,2i|3g,tb_2i_3g_none,True,2627,41.28,OK_BYPASS,
vlarge_unbal_hc,2i|3e,tb_2i_3e_none,True,7044,57.68,OK_BYPASS,
large_dense_2d,2r|3d,tb_2r_3d_none,True,1360,19.71,OK_BYPASS,
vlarge2_mod_ring,2h|3i,tb_2h_3i_none,True,10936,421.44,OK_BYPASS,
large_dense_hc,2n|3i,tb_2n_3i_none,True,1366,28.5,OK_BYPASS,
large_extreme_1d,2r|3b,tb_2r_3b_none,True,2153,18.88,OK_BYPASS,
large_unbal_torus,2i|3g,tb_2i_3g_none,True,3100,30.86,OK_BYPASS,
large_mod_ring,2h|3j,tb_2h_3j_none,True,2725,136.4,OK_BYPASS,
max_unbal_fat,2n|3e,tb_2n_3e_none,True,7029,170.14,OK_BYPASS,
vlarge_mod_ring,2i|3a,tb_2i_3a_none,True,13682,429.98,OK_BYPASS,
med_full_torus,2h|3d,tb_2h_3d_none,True,133,67.91,OK_BYPASS,
med_mod_fat,2r|3c,tb_2r_3c_none,True,382,28.82,OK_BYPASS,
maxp_bal_2d,2g|3d,tb_2g_3d_none,True,600,4772.82,OK_BYPASS,
med_mod_ring,2i|3b,tb_2i_3b_none,True,1353,38.04,OK_BYPASS,
vlarge2_dense_2d,2g|3j,tb_2g_3j_none,True,487,74.68,OK_BYPASS,
max_dense_hc,2h|3i,tb_2h_3i_none,True,1999,608.45,OK_BYPASS,
vlarge2_bal_fat,2n|3b,tb_2n_3b_none,True,1165,306.55,OK_BYPASS,
vlarge_bal_fat,2n|3b,tb_2n_3b_none,True,1194,112.61,OK_BYPASS,
vlarge_dense_2d,2j|3c,tb_2j_3c_none,True,324,43.75,OK_BYPASS,
vlarge_dense_hc,2n|3a,tb_2n_3a_none,True,4296,35.38,OK_BYPASS,
vlarge_extreme_1d,2m|3e,tb_2m_3e_none,True,3184,22.75,OK_BYPASS,
vlarge_bal_mesh,2h|3f,tb_2h_3f_none,True,2620,182.32,OK_BYPASS,
vlarge2_mod_ring,2h|3j,tb_2h_3j_none,True,10946,441.46,OK_BYPASS,
vlarge_unbal_hc,2i|3f,tb_2i_3f_none,True,7043,61.86,OK_BYPASS,
large_dense_2d,2r|3e,tb_2r_3e_none,True,1360,20.37,OK_BYPASS,
large_bal_mesh,2i|3h,tb_2i_3h_none,True,2630,46.97,OK_BYPASS,
large_dense_hc,2n|3j,tb_2n_3j_none,True,1366,28.16,OK_BYPASS,
large_extreme_1d,2r|3c,tb_2r_3c_none,True,2149,19.4,OK_BYPASS,
large_unbal_torus,2i|3h,tb_2i_3h_none,True,3100,30.91,OK_BYPASS,
maxp_bal_2d,2g|3e,tb_2g_3e_none,True,600,4779.68,OK_BYPASS,
large_mod_ring,2i|3a,tb_2i_3a_none,True,6484,150.35,OK_BYPASS,
max_mod_fat,2a|3d,tb_2a_3d_none,True,92,19625.17,OK_BYPASS,
max_mod_fat,2a|3j,tb_2a_3j_none,True,92,19673.2,OK_BYPASS,
vlarge_mod_ring,2i|3b,tb_2i_3b_none,True,13688,426.22,OK_BYPASS,
med_mod_fat,2r|3d,tb_2r_3d_none,True,382,30.88,OK_BYPASS,
max_bal_2d,2h|3d,tb_2h_3d_none,True,2665,1314.23,OK_BYPASS,
med_full_torus,2h|3e,tb_2h_3e_none,True,133,68.97,OK_BYPASS,
med_mod_ring,2i|3c,tb_2i_3c_none,True,1358,38.89,OK_BYPASS,
max_mod_fat,2b|3d,tb_2b_3d_none,True,19,19744.83,OK_BYPASS,
max_unbal_fat,2n|3f,tb_2n_3f_none,True,7022,182.59,OK_BYPASS,
vlarge2_dense_2d,2h|3a,tb_2h_3a_none,True,2541,86.87,OK_BYPASS,
max_mod_fat,2b|3j,tb_2b_3j_none,True,19,19777.14,OK_BYPASS,
vlarge_dense_2d,2k|3a,tb_2k_3a_none,True,189,45.22,OK_BYPASS,
vlarge_bal_fat,2n|3c,tb_2n_3c_none,True,1194,122.32,OK_BYPASS,
vlarge_dense_hc,2n|3b,tb_2n_3b_none,True,4297,39.02,OK_BYPASS,
vlarge_extreme_1d,2m|3h,tb_2m_3h_none,True,3205,24.6,OK_BYPASS,
large_bal_mesh,2i|3i,tb_2i_3i_none,True,2630,46.69,OK_BYPASS,
vlarge_unbal_hc,2i|3g,tb_2i_3g_none,True,7044,64.2,OK_BYPASS,
large_dense_2d,2r|3f,tb_2r_3f_none,True,1358,22.3,OK_BYPASS,
vlarge_bal_mesh,2h|3g,tb_2h_3g_none,True,2615,198.0,OK_BYPASS,
large_extreme_1d,2r|3e,tb_2r_3e_none,True,2157,20.05,OK_BYPASS,
large_dense_hc,2o|3a,tb_2o_3a_none,True,178,27.47,OK_BYPASS,
large_unbal_torus,2i|3i,tb_2i_3i_none,True,3102,35.31,OK_BYPASS,
vlarge2_bal_fat,2n|3c,tb_2n_3c_none,True,1165,322.66,OK_BYPASS,
med_full_torus,2h|3f,tb_2h_3f_none,True,133,68.77,OK_BYPASS,
large_mod_ring,2i|3b,tb_2i_3b_none,True,6484,160.83,OK_BYPASS,
med_mod_fat,2r|3e,tb_2r_3e_none,True,384,29.52,OK_BYPASS,
med_mod_ring,2i|3d,tb_2i_3d_none,True,1353,36.28,OK_BYPASS,
max_unbal_fat,2n|3h,tb_2n_3h_none,True,7023,177.85,OK_BYPASS,
vlarge2_dense_2d,2h|3b,tb_2h_3b_none,True,2547,85.3,OK_BYPASS,
max_dense_hc,2i|3a,tb_2i_3a_none,True,5221,803.74,OK_BYPASS,
vlarge_mod_ring,2i|3c,tb_2i_3c_none,True,13692,442.63,OK_BYPASS,
vlarge_bal_fat,2n|3d,tb_2n_3d_none,True,1194,116.41,OK_BYPASS,
vlarge_dense_2d,2k|3b,tb_2k_3b_none,True,189,43.56,OK_BYPASS,
vlarge_extreme_1d,2m|3i,tb_2m_3i_none,True,3251,24.41,OK_BYPASS,
vlarge_dense_hc,2n|3c,tb_2n_3c_none,True,4302,36.45,OK_BYPASS,
vlarge2_bal_fat,2n|3d,tb_2n_3d_none,True,1165,312.58,OK_BYPASS,
vlarge_unbal_hc,2i|3h,tb_2i_3h_none,True,7043,63.5,OK_BYPASS,
vlarge_bal_mesh,2h|3h,tb_2h_3h_none,True,2611,191.63,OK_BYPASS,
large_dense_2d,2r|3g,tb_2r_3g_none,True,1358,22.14,OK_BYPASS,
large_bal_mesh,2i|3j,tb_2i_3j_none,True,2630,43.35,OK_BYPASS,
large_extreme_1d,2r|3f,tb_2r_3f_none,True,2150,19.53,OK_BYPASS,
large_dense_hc,2p|3a,tb_2p_3a_none,True,293,27.41,OK_BYPASS,
large_unbal_torus,2i|3j,tb_2i_3j_none,True,3100,34.98,OK_BYPASS,
large_mod_ring,2i|3c,tb_2i_3c_none,True,6493,154.94,OK_BYPASS,
max_mod_fat,2c|3d,tb_2c_3d_none,True,27,20216.69,OK_BYPASS,
max_dense_hc,2i|3b,tb_2i_3b_none,True,5221,808.15,OK_BYPASS,
max_unbal_fat,2n|3j,tb_2n_3j_none,True,7023,170.34,OK_BYPASS,
med_mod_fat,2r|3j,tb_2r_3j_none,True,382,29.62,OK_BYPASS,
vlarge_mod_ring,2i|3d,tb_2i_3d_none,True,13681,441.65,OK_BYPASS,
med_full_torus,2h|3g,tb_2h_3g_none,True,133,66.54,OK_BYPASS,
med_mod_ring,2i|3e,tb_2i_3e_none,True,1353,38.48,OK_BYPASS,
vlarge2_dense_2d,2h|3c,tb_2h_3c_none,True,2543,83.11,OK_BYPASS,
max_bal_2d,2h|3e,tb_2h_3e_none,True,2658,1464.5,OK_BYPASS,
vlarge_bal_fat,2n|3e,tb_2n_3e_none,True,1194,114.53,OK_BYPASS,
vlarge_dense_2d,2k|3c,tb_2k_3c_none,True,189,44.75,OK_BYPASS,
vlarge_dense_hc,2n|3d,tb_2n_3d_none,True,4300,37.08,OK_BYPASS,
vlarge_extreme_1d,2m|3j,tb_2m_3j_none,True,3172,23.41,OK_BYPASS,
vlarge_unbal_hc,2i|3i,tb_2i_3i_none,True,7043,61.31,OK_BYPASS,
vlarge_bal_mesh,2h|3i,tb_2h_3i_none,True,2620,185.46,OK_BYPASS,
large_bal_mesh,2j|3c,tb_2j_3c_none,True,212,38.74,OK_BYPASS,
large_dense_2d,2r|3h,tb_2r_3h_none,True,1360,22.36,OK_BYPASS,
vlarge2_bal_fat,2n|3e,tb_2n_3e_none,True,1165,315.0,OK_BYPASS,
large_dense_hc,2p|3b,tb_2p_3b_none,True,293,28.1,OK_BYPASS,
large_extreme_1d,2r|3i,tb_2r_3i_none,True,2153,19.99,OK_BYPASS,
max_mod_fat,2d|3d,tb_2d_3d_none,True,193,19253.42,OK_BYPASS,
large_unbal_torus,2j|3c,tb_2j_3c_none,True,292,29.96,OK_BYPASS,
max_mod_fat,2c|3j,tb_2c_3j_none,True,27,20060.4,OK_BYPASS,
max_unbal_fat,2o|3a,tb_2o_3a_none,True,337,118.95,OK_BYPASS,
large_mod_ring,2i|3d,tb_2i_3d_none,True,6484,160.06,OK_BYPASS,
max_dense_hc,2i|3c,tb_2i_3c_none,True,5221,808.79,OK_BYPASS,
med_mod_ring,2i|3f,tb_2i_3f_none,True,1353,37.14,OK_BYPASS,
med_full_torus,2h|3h,tb_2h_3h_none,True,133,63.91,OK_BYPASS,
vlarge2_mod_ring,2i|3a,tb_2i_3a_none,False,20026,1642.66,SIM_TB_TIMEOUT_BYPASS,TIMEOUT; [FAIL] 2048L 512G ring: TIMEOUT
vlarge2_dense_2d,2h|3d,tb_2h_3d_none,True,2543,81.2,OK_BYPASS,
vlarge_dense_2d,2k|3d,tb_2k_3d_none,True,189,42.61,OK_BYPASS,
vlarge_bal_fat,2n|3f,tb_2n_3f_none,True,1194,115.76,OK_BYPASS,
vlarge_mod_ring,2i|3e,tb_2i_3e_none,True,13688,450.81,OK_BYPASS,
vlarge_extreme_1d,2n|3a,tb_2n_3a_none,True,8203,28.43,OK_BYPASS,
vlarge_dense_hc,2n|3e,tb_2n_3e_none,True,4295,36.49,OK_BYPASS,
large_bal_mesh,2k|3a,tb_2k_3a_none,True,144,42.95,OK_BYPASS,
vlarge_unbal_hc,2i|3j,tb_2i_3j_none,True,7044,63.74,OK_BYPASS,
large_dense_2d,2r|3i,tb_2r_3i_none,True,1358,20.24,OK_BYPASS,
large_dense_hc,2p|3g,tb_2p_3g_none,True,293,28.06,OK_BYPASS,
vlarge_bal_mesh,2h|3j,tb_2h_3j_none,True,2620,185.6,OK_BYPASS,
large_unbal_torus,2k|3a,tb_2k_3a_none,True,171,29.43,OK_BYPASS,
vlarge2_bal_fat,2n|3f,tb_2n_3f_none,True,1165,312.35,OK_BYPASS,
large_mod_ring,2i|3e,tb_2i_3e_none,True,6484,151.59,OK_BYPASS,
max_unbal_fat,2o|3c,tb_2o_3c_none,True,337,118.18,OK_BYPASS,
med_full_torus,2h|3i,tb_2h_3i_none,True,133,66.44,OK_BYPASS,
med_mod_ring,2i|3h,tb_2i_3h_none,True,1353,35.13,OK_BYPASS,
vlarge2_mod_ring,2i|3b,tb_2i_3b_none,False,20026,1640.0,SIM_TB_TIMEOUT_BYPASS,TIMEOUT; [FAIL] 2048L 512G ring: TIMEOUT
max_mod_fat,2d|3h,tb_2d_3h_none,True,193,18994.62,OK_BYPASS,
vlarge_mod_ring,2i|3f,tb_2i_3f_none,True,13683,432.49,OK_BYPASS,
vlarge2_dense_2d,2h|3e,tb_2h_3e_none,True,2544,83.08,OK_BYPASS,
max_dense_hc,2i|3d,tb_2i_3d_none,True,5221,798.91,OK_BYPASS,
vlarge_dense_2d,2k|3e,tb_2k_3e_none,True,189,44.51,OK_BYPASS,
vlarge_bal_fat,2n|3h,tb_2n_3h_none,True,1194,115.12,OK_BYPASS,
vlarge_dense_hc,2n|3f,tb_2n_3f_none,True,4301,38.29,OK_BYPASS,
vlarge_extreme_1d,2n|3b,tb_2n_3b_none,True,8207,28.43,OK_BYPASS,
vlarge_unbal_hc,2j|3a,tb_2j_3a_none,True,546,50.97,OK_BYPASS,
large_bal_mesh,2k|3b,tb_2k_3b_none,True,144,40.8,OK_BYPASS,
vlarge2_bal_fat,2n|3h,tb_2n_3h_none,True,1166,317.32,OK_BYPASS,
vlarge_bal_mesh,2i|3a,tb_2i_3a_none,True,6117,222.5,OK_BYPASS,
large_dense_2d,2r|3j,tb_2r_3j_none,True,1360,20.19,OK_BYPASS,
large_dense_hc,2p|3h,tb_2p_3h_none,True,293,27.67,OK_BYPASS,
large_unbal_torus,2k|3b,tb_2k_3b_none,True,171,28.83,OK_BYPASS,
large_mod_ring,2i|3f,tb_2i_3f_none,True,6484,158.69,OK_BYPASS,
max_dense_hc,2i|3e,tb_2i_3e_none,True,5221,822.6,OK_BYPASS,
maxp_bal_2d,2g|3i,tb_2g_3i_none,True,600,4724.69,OK_BYPASS,
vlarge_mod_ring,2i|3h,tb_2i_3h_none,True,13682,445.49,OK_BYPASS,
vlarge2_mod_ring,2i|3c,tb_2i_3c_none,False,20026,1635.78,SIM_TB_TIMEOUT_BYPASS,TIMEOUT; [FAIL] 2048L 512G ring: TIMEOUT
max_unbal_fat,2o|3d,tb_2o_3d_none,True,337,122.55,OK_BYPASS,
med_mod_ring,2i|3i,tb_2i_3i_none,True,1353,38.07,OK_BYPASS,
med_full_torus,2h|3j,tb_2h_3j_none,True,133,70.47,OK_BYPASS,
vlarge2_dense_2d,2h|3f,tb_2h_3f_none,True,2548,87.34,OK_BYPASS,
maxp_dense_hc,2h|3j,tb_2h_3j_none,True,2053,3040.95,OK_BYPASS,
max_mod_fat,2d|3j,tb_2d_3j_none,True,193,18878.27,OK_BYPASS,
vlarge_bal_fat,2n|3j,tb_2n_3j_none,True,1194,121.26,OK_BYPASS,
vlarge_dense_2d,2k|3f,tb_2k_3f_none,True,189,45.34,OK_BYPASS,
vlarge_dense_hc,2n|3g,tb_2n_3g_none,True,4302,37.67,OK_BYPASS,
vlarge_extreme_1d,2n|3c,tb_2n_3c_none,True,8203,29.48,OK_BYPASS,
vlarge_unbal_hc,2j|3c,tb_2j_3c_none,True,546,49.09,OK_BYPASS,
vlarge2_bal_fat,2n|3j,tb_2n_3j_none,True,1165,320.56,OK_BYPASS,
large_dense_hc,2q|3a,tb_2q_3a_none,True,466,28.27,OK_BYPASS,
large_bal_mesh,2k|3c,tb_2k_3c_none,True,144,40.86,OK_BYPASS,
vlarge_bal_mesh,2i|3b,tb_2i_3b_none,True,6117,230.04,OK_BYPASS,
large_unbal_torus,2k|3c,tb_2k_3c_none,True,171,28.92,OK_BYPASS,
vlarge2_mod_ring,2i|3d,tb_2i_3d_none,False,20026,1673.38,SIM_TB_TIMEOUT_BYPASS,TIMEOUT; [FAIL] 2048L 512G ring: TIMEOUT
max_unbal_fat,2o|3e,tb_2o_3e_none,True,337,115.67,OK_BYPASS,
max_dense_hc,2i|3f,tb_2i_3f_none,True,5221,848.89,OK_BYPASS,
large_mod_ring,2i|3h,tb_2i_3h_none,True,6490,156.82,OK_BYPASS,
med_mod_ring,2i|3j,tb_2i_3j_none,True,1353,37.64,OK_BYPASS,
med_full_torus,2i|3a,tb_2i_3a_none,True,445,73.13,OK_BYPASS,
vlarge2_dense_2d,2h|3g,tb_2h_3g_none,True,2545,86.5,OK_BYPASS,
vlarge_bal_fat,2o|3a,tb_2o_3a_none,True,170,106.27,OK_BYPASS,
vlarge_dense_2d,2k|3g,tb_2k_3g_none,True,189,45.66,OK_BYPASS,
vlarge_mod_ring,2i|3i,tb_2i_3i_none,True,13683,463.02,OK_BYPASS,
vlarge_extreme_1d,2n|3d,tb_2n_3d_none,True,8205,27.57,OK_BYPASS,
vlarge_dense_hc,2n|3h,tb_2n_3h_none,True,4297,37.19,OK_BYPASS,
vlarge2_bal_fat,2o|3a,tb_2o_3a_none,True,183,280.04,OK_BYPASS,
vlarge_unbal_hc,2k|3a,tb_2k_3a_none,True,288,48.91,OK_BYPASS,
vlarge_bal_mesh,2i|3c,tb_2i_3c_none,True,6117,222.89,OK_BYPASS,
large_dense_hc,2q|3d,tb_2q_3d_none,True,466,28.01,OK_BYPASS,
large_bal_mesh,2k|3d,tb_2k_3d_none,True,144,42.47,OK_BYPASS,
large_unbal_torus,2k|3e,tb_2k_3e_none,True,171,29.63,OK_BYPASS,
maxp_bal_2d,2g|3j,tb_2g_3j_none,True,598,4771.06,OK_BYPASS,
max_unbal_fat,2o|3f,tb_2o_3f_none,True,337,114.93,OK_BYPASS,
large_mod_ring,2i|3i,tb_2i_3i_none,True,6484,159.51,OK_BYPASS,
med_mod_ring,2j|3c,tb_2j_3c_none,True,204,35.69,OK_BYPASS,
med_full_torus,2i|3d,tb_2i_3d_none,True,445,69.54,OK_BYPASS,
vlarge2_mod_ring,2i|3e,tb_2i_3e_none,False,20026,1709.5,SIM_TB_TIMEOUT_BYPASS,TIMEOUT; [FAIL] 2048L 512G ring: TIMEOUT
vlarge2_dense_2d,2h|3h,tb_2h_3h_none,True,2548,89.7,OK_BYPASS,
vlarge_bal_fat,2o|3e,tb_2o_3e_none,True,170,104.88,OK_BYPASS,
max_bal_2d,2h|3j,tb_2h_3j_none,True,2656,1523.51,OK_BYPASS,
vlarge_mod_ring,2i|3j,tb_2i_3j_none,True,13683,454.67,OK_BYPASS,
vlarge_dense_hc,2n|3i,tb_2n_3i_none,True,4294,38.1,OK_BYPASS,
vlarge_dense_2d,2k|3h,tb_2k_3h_none,True,189,43.96,OK_BYPASS,
vlarge_extreme_1d,2n|3e,tb_2n_3e_none,True,8203,27.2,OK_BYPASS,
max_dense_hc,2i|3g,tb_2i_3g_none,True,5221,852.04,OK_BYPASS,
vlarge2_bal_fat,2o|3d,tb_2o_3d_none,True,183,275.74,OK_BYPASS,
large_dense_hc,2q|3g,tb_2q_3g_none,True,466,27.06,OK_BYPASS,
vlarge_unbal_hc,2k|3b,tb_2k_3b_none,True,288,50.05,OK_BYPASS,
large_bal_mesh,2k|3e,tb_2k_3e_none,True,144,42.71,OK_BYPASS,
large_unbal_torus,2k|3f,tb_2k_3f_none,True,171,28.71,OK_BYPASS,
vlarge_bal_mesh,2i|3d,tb_2i_3d_none,True,6116,221.72,OK_BYPASS,
max_unbal_fat,2o|3h,tb_2o_3h_none,True,337,119.51,OK_BYPASS,
large_mod_ring,2i|3j,tb_2i_3j_none,True,6484,157.18,OK_BYPASS,
med_mod_ring,2k|3c,tb_2k_3c_none,True,94,36.73,OK_BYPASS,
med_full_torus,2j|3c,tb_2j_3c_none,True,131,68.12,OK_BYPASS,
vlarge_mod_ring,2j|3c,tb_2j_3c_none,True,1130,307.24,OK_BYPASS,
vlarge2_dense_2d,2h|3i,tb_2h_3i_none,True,2545,82.84,OK_BYPASS,
max_dense_hc,2i|3h,tb_2i_3h_none,True,5221,819.88,OK_BYPASS,
vlarge_bal_fat,2o|3j,tb_2o_3j_none,True,170,105.25,OK_BYPASS,
vlarge_dense_2d,2k|3i,tb_2k_3i_none,True,189,42.93,OK_BYPASS,
vlarge2_bal_fat,2o|3e,tb_2o_3e_none,True,183,263.22,OK_BYPASS,
vlarge2_mod_ring,2i|3f,tb_2i_3f_none,False,20026,1693.1,SIM_TB_TIMEOUT_BYPASS,TIMEOUT; [FAIL] 2048L 512G ring: TIMEOUT
vlarge_extreme_1d,2n|3f,tb_2n_3f_none,True,8203,29.3,OK_BYPASS,
vlarge_dense_hc,2n|3j,tb_2n_3j_none,True,4300,38.74,OK_BYPASS,
large_bal_mesh,2k|3f,tb_2k_3f_none,True,144,42.75,OK_BYPASS,
vlarge_unbal_hc,2k|3c,tb_2k_3c_none,True,288,50.22,OK_BYPASS,
large_dense_hc,2q|3h,tb_2q_3h_none,True,466,27.17,OK_BYPASS,
large_unbal_torus,2k|3g,tb_2k_3g_none,True,171,30.21,OK_BYPASS,
vlarge_bal_mesh,2i|3e,tb_2i_3e_none,True,6120,226.07,OK_BYPASS,
large_mod_ring,2j|3c,tb_2j_3c_none,True,608,138.12,OK_BYPASS,
max_unbal_fat,2o|3j,tb_2o_3j_none,True,337,136.33,OK_BYPASS,
vlarge_mod_ring,2k|3a,tb_2k_3a_none,True,109,350.39,OK_BYPASS,
max_dense_hc,2i|3i,tb_2i_3i_none,True,5221,856.99,OK_BYPASS,
med_full_torus,2k|3a,tb_2k_3a_none,True,176,81.65,OK_BYPASS,
med_mod_ring,2k|3d,tb_2k_3d_none,True,94,43.81,OK_BYPASS,
vlarge2_dense_2d,2h|3j,tb_2h_3j_none,True,2551,103.91,OK_BYPASS,
vlarge2_mod_ring,2i|3h,tb_2i_3h_none,False,20026,1752.07,SIM_TB_TIMEOUT_BYPASS,TIMEOUT; [FAIL] 2048L 512G ring: TIMEOUT
vlarge_bal_fat,2p|3c,tb_2p_3c_none,True,217,129.3,OK_BYPASS,
vlarge2_bal_fat,2p|3c,tb_2p_3c_none,True,230,325.27,OK_BYPASS,
vlarge_dense_2d,2l|3c,tb_2l_3c_none,True,244,51.23,OK_BYPASS,
vlarge_dense_hc,2o|3a,tb_2o_3a_none,True,298,36.31,OK_BYPASS,
max_dense_hc,2j|3c,tb_2j_3c_none,True,241,700.5,OK_BYPASS,
vlarge_extreme_1d,2n|3i,tb_2n_3i_none,True,8203,32.75,OK_BYPASS,
vlarge_unbal_hc,2k|3h,tb_2k_3h_none,True,288,57.75,OK_BYPASS,
vlarge2_mod_ring,2j|3c,tb_2j_3c_none,True,1160,406.66,OK_BYPASS,
vlarge_bal_mesh,2i|3f,tb_2i_3f_none,True,6117,267.49,OK_BYPASS,
large_bal_mesh,2k|3g,tb_2k_3g_none,True,144,44.64,OK_BYPASS,
large_dense_hc,2q|3i,tb_2q_3i_none,True,466,31.57,OK_BYPASS,
large_unbal_torus,2k|3h,tb_2k_3h_none,True,171,32.17,OK_BYPASS,
large_mod_ring,2k|3a,tb_2k_3a_none,True,109,155.15,OK_BYPASS,
vlarge2_mod_ring,2i|3i,tb_2i_3i_none,False,20026,1891.0,SIM_TB_TIMEOUT_BYPASS,TIMEOUT; [FAIL] 2048L 512G ring: TIMEOUT
vlarge_mod_ring,2k|3b,tb_2k_3b_none,True,109,372.95,OK_BYPASS,
max_unbal_fat,2p|3c,tb_2p_3c_none,True,338,141.26,OK_BYPASS,
med_full_torus,2k|3b,tb_2k_3b_none,True,176,80.43,OK_BYPASS,
med_mod_ring,2k|3e,tb_2k_3e_none,True,94,42.86,OK_BYPASS,
max_mod_fat,2g|3d,tb_2g_3d_none,True,867,19530.77,OK_BYPASS,
vlarge2_dense_2d,2i|3a,tb_2i_3a_none,True,7657,122.41,OK_BYPASS,
vlarge_bal_fat,2p|3e,tb_2p_3e_none,True,217,127.16,OK_BYPASS,
vlarge2_bal_fat,2p|3e,tb_2p_3e_none,True,230,324.57,OK_BYPASS,
vlarge_dense_2d,2n|3a,tb_2n_3a_none,True,3042,60.3,OK_BYPASS,
maxp_dense_hc,2i|3d,tb_2i_3d_none,True,8920,4264.32,OK_BYPASS,
vlarge_dense_hc,2p|3a,tb_2p_3a_none,True,533,37.7,OK_BYPASS,
max_dense_hc,2k|3a,tb_2k_3a_none,True,223,722.68,OK_BYPASS,
vlarge_extreme_1d,2o|3a,tb_2o_3a_none,True,549,26.94,OK_BYPASS,
vlarge_unbal_hc,2l|3a,tb_2l_3a_none,True,244,56.32,OK_BYPASS,
large_bal_mesh,2k|3h,tb_2k_3h_none,True,146,47.18,OK_BYPASS,
vlarge2_mod_ring,2i|3j,tb_2i_3j_none,False,20026,2019.63,SIM_TB_TIMEOUT_BYPASS,TIMEOUT; [FAIL] 2048L 512G ring: TIMEOUT
large_dense_hc,2r|3a,tb_2r_3a_none,True,878,33.6,OK_BYPASS,
vlarge_bal_mesh,2i|3g,tb_2i_3g_none,True,6117,268.14,OK_BYPASS,
vlarge2_mod_ring,2k|3a,tb_2k_3a_none,True,280,412.48,OK_BYPASS,
large_unbal_torus,2k|3j,tb_2k_3j_none,True,171,33.38,OK_BYPASS,
med_full_torus,2k|3c,tb_2k_3c_none,True,176,83.77,OK_BYPASS,
large_mod_ring,2k|3b,tb_2k_3b_none,True,109,165.8,OK_BYPASS,
med_mod_ring,2k|3f,tb_2k_3f_none,True,94,41.15,OK_BYPASS,
max_unbal_fat,2p|3e,tb_2p_3e_none,True,338,145.43,OK_BYPASS,
vlarge2_dense_2d,2i|3b,tb_2i_3b_none,True,7658,122.15,OK_BYPASS,
vlarge_mod_ring,2k|3c,tb_2k_3c_none,True,109,383.42,OK_BYPASS,
vlarge_bal_fat,2q|3a,tb_2q_3a_none,True,644,127.95,OK_BYPASS,
max_bal_2d,2i|3d,tb_2i_3d_none,True,7220,2101.64,OK_BYPASS,
vlarge_dense_hc,2p|3b,tb_2p_3b_none,True,533,35.62,OK_BYPASS,
vlarge_dense_2d,2n|3b,tb_2n_3b_none,True,3043,59.53,OK_BYPASS,
vlarge_extreme_1d,2o|3d,tb_2o_3d_none,True,549,24.94,OK_BYPASS,
vlarge2_bal_fat,2q|3a,tb_2q_3a_none,True,795,327.22,OK_BYPASS,
large_bal_mesh,2k|3i,tb_2k_3i_none,True,144,44.78,OK_BYPASS,
vlarge_unbal_hc,2n|3a,tb_2n_3a_none,True,4167,67.4,OK_BYPASS,
large_dense_hc,2r|3b,tb_2r_3b_none,True,881,30.48,OK_BYPASS,
vlarge2_mod_ring,2k|3b,tb_2k_3b_none,True,280,399.4,OK_BYPASS,
vlarge_bal_mesh,2i|3h,tb_2i_3h_none,True,6120,262.28,OK_BYPASS,
large_unbal_torus,2l|3a,tb_2l_3a_none,True,154,33.33,OK_BYPASS,
med_full_torus,2k|3d,tb_2k_3d_none,True,176,77.99,OK_BYPASS,
large_mod_ring,2k|3c,tb_2k_3c_none,True,109,148.94,OK_BYPASS,
max_dense_hc,2k|3c,tb_2k_3c_none,True,223,683.86,OK_BYPASS,
max_unbal_fat,2p|3f,tb_2p_3f_none,True,339,136.85,OK_BYPASS,
med_mod_ring,2k|3h,tb_2k_3h_none,True,93,41.11,OK_BYPASS,
max_mod_fat,2g|3j,tb_2g_3j_none,True,869,20194.68,OK_BYPASS,
vlarge2_dense_2d,2i|3c,tb_2i_3c_none,True,7660,122.0,OK_BYPASS,
vlarge_bal_fat,2q|3c,tb_2q_3c_none,True,646,131.79,OK_BYPASS,
vlarge_mod_ring,2k|3d,tb_2k_3d_none,True,109,368.33,OK_BYPASS,
maxp_dense_hc,2i|3e,tb_2i_3e_none,True,8919,4452.13,OK_BYPASS,
vlarge_extreme_1d,2p|3a,tb_2p_3a_none,True,1004,28.08,OK_BYPASS,
vlarge_dense_hc,2p|3h,tb_2p_3h_none,True,533,36.29,OK_BYPASS,
vlarge_dense_2d,2n|3c,tb_2n_3c_none,True,3047,61.12,OK_BYPASS,
large_dense_hc,2r|3c,tb_2r_3c_none,True,877,34.69,OK_BYPASS,
large_bal_mesh,2k|3j,tb_2k_3j_none,True,144,49.71,OK_BYPASS,
vlarge_unbal_hc,2n|3b,tb_2n_3b_none,True,4170,73.86,OK_BYPASS,
large_unbal_torus,2l|3c,tb_2l_3c_none,True,154,32.33,OK_BYPASS,
vlarge_bal_mesh,2i|3i,tb_2i_3i_none,True,6119,268.63,OK_BYPASS,
vlarge2_bal_fat,2q|3c,tb_2q_3c_none,True,795,327.86,OK_BYPASS,
large_mod_ring,2k|3d,tb_2k_3d_none,True,109,154.46,OK_BYPASS,
max_unbal_fat,2p|3j,tb_2p_3j_none,True,341,141.01,OK_BYPASS,
med_full_torus,2k|3e,tb_2k_3e_none,True,176,81.36,OK_BYPASS,
maxp_bal_2d,2h|3d,tb_2h_3d_none,True,3719,5971.95,OK_BYPASS,
med_mod_ring,2k|3i,tb_2k_3i_none,True,94,41.02,OK_BYPASS,
vlarge2_mod_ring,2k|3c,tb_2k_3c_none,True,282,413.45,OK_BYPASS,
vlarge2_dense_2d,2i|3d,tb_2i_3d_none,True,7657,122.97,OK_BYPASS,
max_bal_2d,2i|3e,tb_2i_3e_none,True,7219,2049.65,OK_BYPASS,
vlarge_mod_ring,2k|3e,tb_2k_3e_none,True,109,375.84,OK_BYPASS,
vlarge_bal_fat,2q|3e,tb_2q_3e_none,True,644,134.95,OK_BYPASS,
vlarge_dense_hc,2q|3a,tb_2q_3a_none,True,603,35.06,OK_BYPASS,
vlarge_extreme_1d,2p|3b,tb_2p_3b_none,True,1005,25.39,OK_BYPASS,
max_dense_hc,2k|3e,tb_2k_3e_none,True,223,705.25,OK_BYPASS,
vlarge_dense_2d,2n|3d,tb_2n_3d_none,True,3045,59.99,OK_BYPASS,
large_dense_hc,2r|3e,tb_2r_3e_none,True,882,33.58,OK_BYPASS,
large_bal_mesh,2l|3a,tb_2l_3a_none,True,124,49.94,OK_BYPASS,
vlarge_unbal_hc,2n|3c,tb_2n_3c_none,True,4170,73.36,OK_BYPASS,
large_unbal_torus,2l|3g,tb_2l_3g_none,True,154,34.38,OK_BYPASS,
vlarge_bal_mesh,2i|3j,tb_2i_3j_none,True,6117,263.95,OK_BYPASS,
vlarge2_bal_fat,2q|3d,tb_2q_3d_none,True,795,321.23,OK_BYPASS,
large_mod_ring,2k|3e,tb_2k_3e_none,True,109,152.35,OK_BYPASS,
med_mod_ring,2k|3j,tb_2k_3j_none,True,94,41.27,OK_BYPASS,
max_unbal_fat,2q|3a,tb_2q_3a_none,True,1916,150.33,OK_BYPASS,
med_full_torus,2k|3g,tb_2k_3g_none,True,176,77.61,OK_BYPASS,
vlarge2_mod_ring,2k|3d,tb_2k_3d_none,True,280,402.18,OK_BYPASS,
vlarge2_dense_2d,2i|3e,tb_2i_3e_none,True,7660,118.94,OK_BYPASS,
vlarge_mod_ring,2k|3f,tb_2k_3f_none,True,109,368.13,OK_BYPASS,
max_dense_hc,2k|3f,tb_2k_3f_none,True,223,688.8,OK_BYPASS,
vlarge_bal_fat,2q|3f,tb_2q_3f_none,True,648,131.29,OK_BYPASS,
maxp_bal_2d,2h|3e,tb_2h_3e_none,True,3719,6073.09,OK_BYPASS,
vlarge_extreme_1d,2p|3c,tb_2p_3c_none,True,1005,29.25,OK_BYPASS,
vlarge_dense_hc,2r|3a,tb_2r_3a_none,True,1678,44.46,OK_BYPASS,
vlarge_dense_2d,2n|3e,tb_2n_3e_none,True,3043,61.22,OK_BYPASS,
large_dense_hc,2r|3f,tb_2r_3f_none,True,878,34.29,OK_BYPASS,
large_bal_mesh,2n|3a,tb_2n_3a_none,True,1436,53.27,OK_BYPASS,
vlarge_unbal_hc,2n|3d,tb_2n_3d_none,True,4168,70.78,OK_BYPASS,
large_unbal_torus,2l|3h,tb_2l_3h_none,True,154,34.29,OK_BYPASS,
vlarge2_bal_fat,2q|3e,tb_2q_3e_none,True,803,332.21,OK_BYPASS,
vlarge_bal_mesh,2j|3c,tb_2j_3c_none,True,280,204.08,OK_BYPASS,
large_mod_ring,2k|3f,tb_2k_3f_none,True,109,158.43,OK_BYPASS,
med_full_torus,2k|3h,tb_2k_3h_none,True,176,84.81,OK_BYPASS,
med_mod_ring,2l|3a,tb_2l_3a_none,True,34,43.73,OK_BYPASS,
vlarge2_mod_ring,2k|3e,tb_2k_3e_none,True,280,418.76,OK_BYPASS,
max_unbal_fat,2q|3d,tb_2q_3d_none,True,1916,150.42,OK_BYPASS,
max_dense_hc,2k|3h,tb_2k_3h_none,True,223,700.48,OK_BYPASS,
vlarge_mod_ring,2k|3g,tb_2k_3g_none,True,109,392.09,OK_BYPASS,
vlarge2_dense_2d,2i|3f,tb_2i_3f_none,True,7660,132.36,OK_BYPASS,
vlarge_dense_hc,2r|3b,tb_2r_3b_none,True,1679,45.17,OK_BYPASS,
vlarge_dense_2d,2n|3f,tb_2n_3f_none,True,3042,66.14,OK_BYPASS,
vlarge_bal_fat,2r|3a,tb_2r_3a_none,True,831,149.87,OK_BYPASS,
vlarge_extreme_1d,2p|3d,tb_2p_3d_none,True,1005,29.01,OK_BYPASS,
large_bal_mesh,2n|3b,tb_2n_3b_none,True,1441,58.83,OK_BYPASS,
vlarge_unbal_hc,2n|3e,tb_2n_3e_none,True,4173,81.07,OK_BYPASS,
large_dense_hc,2r|3g,tb_2r_3g_none,True,878,34.93,OK_BYPASS,
vlarge_bal_mesh,2k|3a,tb_2k_3a_none,True,390,218.85,OK_BYPASS,
vlarge2_bal_fat,2q|3f,tb_2q_3f_none,True,795,346.18,OK_BYPASS,
large_unbal_torus,2n|3a,tb_2n_3a_none,True,1894,39.38,OK_BYPASS,
max_mod_fat,2h|3d,tb_2h_3d_none,True,658,19899.56,OK_BYPASS,
med_full_torus,2k|3i,tb_2k_3i_none,True,176,84.36,OK_BYPASS,
large_mod_ring,2k|3g,tb_2k_3g_none,True,109,165.25,OK_BYPASS,
vlarge2_mod_ring,2k|3f,tb_2k_3f_none,True,285,451.14,OK_BYPASS,
med_mod_ring,2l|3c,tb_2l_3c_none,True,34,41.87,OK_BYPASS,
max_unbal_fat,2q|3e,tb_2q_3e_none,True,1916,158.62,OK_BYPASS,
vlarge2_dense_2d,2i|3g,tb_2i_3g_none,True,7660,128.55,OK_BYPASS,
max_dense_hc,2l|3b,tb_2l_3b_none,True,124,728.83,OK_BYPASS,
vlarge_mod_ring,2k|3h,tb_2k_3h_none,True,109,405.96,OK_BYPASS,
vlarge_bal_fat,2r|3b,tb_2r_3b_none,True,831,142.85,OK_BYPASS,
vlarge_extreme_1d,2p|3e,tb_2p_3e_none,True,1004,29.14,OK_BYPASS,
vlarge_dense_hc,2r|3c,tb_2r_3c_none,True,1682,42.39,OK_BYPASS,
vlarge_dense_2d,2n|3g,tb_2n_3g_none,True,3042,68.19,OK_BYPASS,
large_bal_mesh,2n|3c,tb_2n_3c_none,True,1441,63.93,OK_BYPASS,
large_dense_hc,2r|3h,tb_2r_3h_none,True,879,49.55,OK_BYPASS,
vlarge_unbal_hc,2n|3f,tb_2n_3f_none,True,4171,88.07,OK_BYPASS,
vlarge_bal_mesh,2k|3b,tb_2k_3b_none,True,390,239.95,OK_BYPASS,
large_unbal_torus,2n|3b,tb_2n_3b_none,True,1896,44.73,OK_BYPASS,
vlarge2_bal_fat,2q|3h,tb_2q_3h_none,True,795,362.06,OK_BYPASS,
med_full_torus,2l|3a,tb_2l_3a_none,True,19,94.39,OK_BYPASS,
med_mod_ring,2l|3d,tb_2l_3d_none,True,34,43.46,OK_BYPASS,
large_mod_ring,2k|3h,tb_2k_3h_none,True,109,171.51,OK_BYPASS,
max_unbal_fat,2q|3j,tb_2q_3j_none,True,1916,160.48,OK_BYPASS,
vlarge2_mod_ring,2k|3g,tb_2k_3g_none,True,280,453.16,OK_BYPASS,
vlarge2_dense_2d,2i|3h,tb_2i_3h_none,True,7660,116.3,OK_BYPASS,
vlarge_dense_2d,2n|3h,tb_2n_3h_none,True,3044,55.07,OK_BYPASS,
vlarge_mod_ring,2k|3i,tb_2k_3i_none,True,109,403.68,OK_BYPASS,
vlarge_bal_fat,2r|3c,tb_2r_3c_none,True,831,130.89,OK_BYPASS,
vlarge_extreme_1d,2p|3f,tb_2p_3f_none,True,1005,24.03,OK_BYPASS,
max_dense_hc,2l|3c,tb_2l_3c_none,True,124,715.95,OK_BYPASS,
vlarge_dense_hc,2r|3d,tb_2r_3d_none,True,1682,38.32,OK_BYPASS,
large_dense_hc,2r|3i,tb_2r_3i_none,True,878,30.06,OK_BYPASS,
large_bal_mesh,2n|3d,tb_2n_3d_none,True,1436,46.13,OK_BYPASS,
vlarge_bal_mesh,2k|3c,tb_2k_3c_none,True,390,184.52,OK_BYPASS,
vlarge_unbal_hc,2n|3g,tb_2n_3g_none,True,4169,66.63,OK_BYPASS,
large_unbal_torus,2n|3c,tb_2n_3c_none,True,1894,33.2,OK_BYPASS,
vlarge2_bal_fat,2q|3j,tb_2q_3j_none,True,795,303.29,OK_BYPASS,
large_mod_ring,2k|3i,tb_2k_3i_none,True,109,143.12,OK_BYPASS,
vlarge2_mod_ring,2k|3h,tb_2k_3h_none,True,280,372.26,OK_BYPASS,
med_mod_ring,2l|3f,tb_2l_3f_none,True,34,37.73,OK_BYPASS,
med_full_torus,2l|3b,tb_2l_3b_none,True,19,69.29,OK_BYPASS,
max_unbal_fat,2r|3a,tb_2r_3a_none,True,1857,165.45,OK_BYPASS,
max_dense_hc,2l|3d,tb_2l_3d_none,True,124,637.86,OK_BYPASS,
vlarge_mod_ring,2k|3j,tb_2k_3j_none,True,109,333.89,OK_BYPASS,
vlarge2_dense_2d,2i|3i,tb_2i_3i_none,True,7660,100.5,OK_BYPASS,
vlarge_dense_2d,2n|3i,tb_2n_3i_none,True,3043,56.29,OK_BYPASS,
vlarge_bal_fat,2r|3d,tb_2r_3d_none,True,828,118.37,OK_BYPASS,
vlarge_dense_hc,2r|3e,tb_2r_3e_none,True,1678,34.1,OK_BYPASS,
vlarge_extreme_1d,2p|3h,tb_2p_3h_none,True,1004,22.89,OK_BYPASS,
vlarge_bal_mesh,2k|3d,tb_2k_3d_none,True,390,173.89,OK_BYPASS,
vlarge_unbal_hc,2n|3h,tb_2n_3h_none,True,4168,59.62,OK_BYPASS,
large_bal_mesh,2n|3e,tb_2n_3e_none,True,1441,43.85,OK_BYPASS,
vlarge2_bal_fat,2r|3b,tb_2r_3b_none,True,1228,315.3,OK_BYPASS,
large_unbal_torus,2n|3d,tb_2n_3d_none,True,1894,32.46,OK_BYPASS,
vlarge2_mod_ring,2k|3i,tb_2k_3i_none,True,280,343.48,OK_BYPASS,
large_mod_ring,2k|3j,tb_2k_3j_none,True,109,134.66,OK_BYPASS,
max_dense_hc,2l|3f,tb_2l_3f_none,True,124,595.1,OK_BYPASS,
med_mod_ring,2l|3h,tb_2l_3h_none,True,34,39.8,OK_BYPASS,
med_full_torus,2l|3c,tb_2l_3c_none,True,19,69.73,OK_BYPASS,
max_unbal_fat,2r|3b,tb_2r_3b_none,True,1834,158.17,OK_BYPASS,
vlarge_mod_ring,2l|3a,tb_2l_3a_none,True,34,323.14,OK_BYPASS,
max_bal_2d,2i|3j,tb_2i_3j_none,True,7221,2018.82,OK_BYPASS,
vlarge2_dense_2d,2i|3j,tb_2i_3j_none,True,7657,105.0,OK_BYPASS,
vlarge_dense_2d,2n|3j,tb_2n_3j_none,True,3042,55.09,OK_BYPASS,
vlarge_bal_fat,2r|3e,tb_2r_3e_none,True,860,118.13,OK_BYPASS,
vlarge_extreme_1d,2p|3i,tb_2p_3i_none,True,1005,23.97,OK_BYPASS,
vlarge_dense_hc,2r|3f,tb_2r_3f_none,True,1683,35.2,OK_BYPASS,
vlarge_unbal_hc,2n|3i,tb_2n_3i_none,True,4170,61.06,OK_BYPASS,
vlarge_bal_mesh,2k|3e,tb_2k_3e_none,True,390,169.82,OK_BYPASS,
vlarge2_bal_fat,2r|3c,tb_2r_3c_none,True,1230,316.68,OK_BYPASS,
large_bal_mesh,2n|3f,tb_2n_3f_none,True,1436,43.6,OK_BYPASS,
maxp_dense_hc,2i|3j,tb_2i_3j_none,True,8920,4591.7,OK_BYPASS,
large_unbal_torus,2n|3e,tb_2n_3e_none,True,1895,33.04,OK_BYPASS,
vlarge2_mod_ring,2k|3j,tb_2k_3j_none,True,280,353.44,OK_BYPASS,
large_mod_ring,2l|3a,tb_2l_3a_none,True,34,134.17,OK_BYPASS,
maxp_bal_2d,2h|3i,tb_2h_3i_none,True,3719,6333.37,OK_BYPASS,
med_full_torus,2l|3f,tb_2l_3f_none,True,19,71.27,OK_BYPASS,
med_mod_ring,2l|3j,tb_2l_3j_none,True,34,35.54,OK_BYPASS,
max_dense_hc,2n|3a,tb_2n_3a_none,True,1081,663.67,OK_BYPASS,
vlarge_mod_ring,2l|3b,tb_2l_3b_none,True,34,324.62,OK_BYPASS,
max_unbal_fat,2r|3c,tb_2r_3c_none,True,1835,160.52,OK_BYPASS,
vlarge2_dense_2d,2j|3c,tb_2j_3c_none,True,356,80.21,OK_BYPASS,
vlarge_dense_2d,2o|3a,tb_2o_3a_none,True,205,47.12,OK_BYPASS,
vlarge_bal_fat,2r|3f,tb_2r_3f_none,True,830,123.81,OK_BYPASS,
vlarge_dense_hc,2r|3g,tb_2r_3g_none,True,1678,36.15,OK_BYPASS,
vlarge_extreme_1d,2q|3a,tb_2q_3a_none,True,1017,24.31,OK_BYPASS,
vlarge_bal_mesh,2k|3f,tb_2k_3f_none,True,390,179.32,OK_BYPASS,
vlarge_unbal_hc,2n|3j,tb_2n_3j_none,True,4169,61.07,OK_BYPASS,
large_bal_mesh,2n|3g,tb_2n_3g_none,True,1436,44.75,OK_BYPASS,
large_unbal_torus,2n|3f,tb_2n_3f_none,True,1895,34.45,OK_BYPASS,
vlarge2_bal_fat,2r|3d,tb_2r_3d_none,True,1230,325.77,OK_BYPASS,
large_mod_ring,2l|3b,tb_2l_3b_none,True,34,134.69,OK_BYPASS,
vlarge2_mod_ring,2l|3a,tb_2l_3a_none,True,64,367.74,OK_BYPASS,
med_mod_ring,2m|3e,tb_2m_3e_none,True,206,38.74,OK_BYPASS,
med_full_torus,2l|3g,tb_2l_3g_none,True,19,70.87,OK_BYPASS,
max_unbal_fat,2r|3d,tb_2r_3d_none,True,1846,165.52,OK_BYPASS,
vlarge_mod_ring,2l|3c,tb_2l_3c_none,True,34,323.24,OK_BYPASS,
max_dense_hc,2n|3b,tb_2n_3b_none,True,1081,685.31,OK_BYPASS,
vlarge2_dense_2d,2k|3a,tb_2k_3a_none,True,200,79.35,OK_BYPASS,
vlarge_dense_2d,2o|3h,tb_2o_3h_none,True,205,50.96,OK_BYPASS,
vlarge_dense_hc,2r|3h,tb_2r_3h_none,True,1683,36.95,OK_BYPASS,
vlarge_bal_fat,2r|3h,tb_2r_3h_none,True,833,127.89,OK_BYPASS,
vlarge_extreme_1d,2r|3a,tb_2r_3a_none,True,1484,31.37,OK_BYPASS,
max_mod_fat,2h|3j,tb_2h_3j_none,True,658,19876.21,OK_BYPASS,
vlarge_unbal_hc,2o|3a,tb_2o_3a_none,True,316,51.95,OK_BYPASS,
vlarge_bal_mesh,2k|3g,tb_2k_3g_none,True,390,186.92,OK_BYPASS,
maxp_bal_2d,2h|3j,tb_2h_3j_none,True,3719,6320.73,OK_BYPASS,
large_bal_mesh,2n|3h,tb_2n_3h_none,True,1437,44.92,OK_BYPASS,
large_unbal_torus,2n|3g,tb_2n_3g_none,True,1894,31.61,OK_BYPASS,
vlarge2_bal_fat,2r|3e,tb_2r_3e_none,True,1229,336.48,OK_BYPASS,
med_full_torus,2l|3h,tb_2l_3h_none,True,19,73.75,OK_BYPASS,
large_mod_ring,2l|3c,tb_2l_3c_none,True,34,139.72,OK_BYPASS,
vlarge2_mod_ring,2l|3c,tb_2l_3c_none,True,64,379.61,OK_BYPASS,
med_mod_ring,2m|3h,tb_2m_3h_none,True,206,35.86,OK_BYPASS,
max_unbal_fat,2r|3e,tb_2r_3e_none,True,1855,170.56,OK_BYPASS,
vlarge2_dense_2d,2k|3b,tb_2k_3b_none,True,200,89.77,OK_BYPASS,
vlarge_mod_ring,2l|3d,tb_2l_3d_none,True,34,354.76,OK_BYPASS,
vlarge_dense_2d,2o|3i,tb_2o_3i_none,True,205,53.49,OK_BYPASS,
vlarge_bal_fat,2r|3j,tb_2r_3j_none,True,829,145.25,OK_BYPASS,
max_dense_hc,2n|3c,tb_2n_3c_none,True,1082,759.81,OK_BYPASS,
vlarge_dense_hc,2r|3i,tb_2r_3i_none,True,1679,38.66,OK_BYPASS,
vlarge_extreme_1d,2r|3b,tb_2r_3b_none,True,1476,29.95,OK_BYPASS,
vlarge_unbal_hc,2o|3b,tb_2o_3b_none,True,316,58.99,OK_BYPASS,
large_bal_mesh,2n|3i,tb_2n_3i_none,True,1437,52.34,OK_BYPASS,
vlarge_bal_mesh,2k|3h,tb_2k_3h_none,True,390,205.93,OK_BYPASS,
large_unbal_torus,2n|3h,tb_2n_3h_none,True,1894,37.07,OK_BYPASS,
vlarge2_bal_fat,2r|3h,tb_2r_3h_none,True,1226,379.93,OK_BYPASS,
max_bal_2d,2k|3d,tb_2k_3d_none,True,98,1427.1,OK_BYPASS,
vlarge2_mod_ring,2l|3d,tb_2l_3d_none,True,64,419.69,OK_BYPASS,
large_mod_ring,2l|3d,tb_2l_3d_none,True,34,156.27,OK_BYPASS,
med_full_torus,2l|3i,tb_2l_3i_none,True,19,77.88,OK_BYPASS,
med_mod_ring,2n|3c,tb_2n_3c_none,True,55,40.82,OK_BYPASS,
max_unbal_fat,2r|3f,tb_2r_3f_none,True,1846,190.88,OK_BYPASS,
vlarge2_dense_2d,2k|3c,tb_2k_3c_none,True,200,86.81,OK_BYPASS,
vlarge_mod_ring,2l|3e,tb_2l_3e_none,True,34,371.79,OK_BYPASS,
vlarge_dense_2d,2o|3j,tb_2o_3j_none,True,205,45.88,OK_BYPASS,
vlarge_extreme_1d,2r|3c,tb_2r_3c_none,True,1478,28.15,OK_BYPASS,
max_dense_hc,2n|3d,tb_2n_3d_none,True,1081,766.24,OK_BYPASS,
vlarge_unbal_hc,2o|3c,tb_2o_3c_none,True,316,53.2,OK_BYPASS,
large_bal_mesh,2n|3j,tb_2n_3j_none,True,1436,46.42,OK_BYPASS,
vlarge_bal_mesh,2k|3i,tb_2k_3i_none,True,390,175.37,OK_BYPASS,
large_unbal_torus,2n|3i,tb_2n_3i_none,True,1900,33.64,OK_BYPASS,
vlarge2_bal_fat,2r|3i,tb_2r_3i_none,True,1228,339.7,OK_BYPASS,
large_mod_ring,2l|3f,tb_2l_3f_none,True,34,138.02,OK_BYPASS,
vlarge2_mod_ring,2l|3f,tb_2l_3f_none,True,64,375.65,OK_BYPASS,
max_unbal_fat,2r|3h,tb_2r_3h_none,True,1835,162.39,OK_BYPASS,
med_full_torus,2l|3j,tb_2l_3j_none,True,19,71.33,OK_BYPASS,
med_mod_ring,2n|3d,tb_2n_3d_none,True,55,36.35,OK_BYPASS,
vlarge_mod_ring,2l|3f,tb_2l_3f_none,True,34,337.92,OK_BYPASS,
vlarge2_dense_2d,2k|3d,tb_2k_3d_none,True,200,76.1,OK_BYPASS,
vlarge_extreme_1d,2r|3e,tb_2r_3e_none,True,1476,27.84,OK_BYPASS,
vlarge_dense_2d,2p|3b,tb_2p_3b_none,True,314,45.7,OK_BYPASS,
max_dense_hc,2n|3e,tb_2n_3e_none,True,1084,709.19,OK_BYPASS,
vlarge_unbal_hc,2o|3d,tb_2o_3d_none,True,316,50.37,OK_BYPASS,
large_bal_mesh,2o|3a,tb_2o_3a_none,True,145,41.44,OK_BYPASS,
vlarge_bal_mesh,2k|3j,tb_2k_3j_none,True,390,170.56,OK_BYPASS,
large_unbal_torus,2n|3j,tb_2n_3j_none,True,1894,32.99,OK_BYPASS,
large_mod_ring,2l|3h,tb_2l_3h_none,True,34,132.57,OK_BYPASS,
vlarge2_mod_ring,2l|3h,tb_2l_3h_none,True,64,352.42,OK_BYPASS,
med_full_torus,2n|3c,tb_2n_3c_none,True,165,68.41,OK_BYPASS,
vlarge_mod_ring,2l|3h,tb_2l_3h_none,True,34,326.68,OK_BYPASS,
med_mod_ring,2n|3e,tb_2n_3e_none,True,57,35.32,OK_BYPASS,
max_unbal_fat,2r|3j,tb_2r_3j_none,True,1826,161.15,OK_BYPASS,
max_dense_hc,2n|3f,tb_2n_3f_none,True,1080,655.46,OK_BYPASS,
vlarge2_dense_2d,2k|3e,tb_2k_3e_none,True,200,74.52,OK_BYPASS,
vlarge_dense_2d,2p|3c,tb_2p_3c_none,True,314,43.89,OK_BYPASS,
vlarge_extreme_1d,2r|3f,tb_2r_3f_none,True,1472,27.46,OK_BYPASS,
vlarge_unbal_hc,2o|3f,tb_2o_3f_none,True,316,47.51,OK_BYPASS,
large_bal_mesh,2o|3d,tb_2o_3d_none,True,145,41.87,OK_BYPASS,
vlarge_bal_mesh,2l|3a,tb_2l_3a_none,True,124,172.04,OK_BYPASS,
large_unbal_torus,2o|3a,tb_2o_3a_none,True,213,28.82,OK_BYPASS,
large_mod_ring,2l|3j,tb_2l_3j_none,True,34,144.38,OK_BYPASS,
vlarge2_mod_ring,2l|3j,tb_2l_3j_none,True,64,375.13,OK_BYPASS,
vlarge_mod_ring,2l|3j,tb_2l_3j_none,True,34,349.91,OK_BYPASS,
max_dense_hc,2n|3g,tb_2n_3g_none,True,1081,706.27,OK_BYPASS,
med_mod_ring,2n|3f,tb_2n_3f_none,True,55,43.87,OK_BYPASS,
med_full_torus,2n|3d,tb_2n_3d_none,True,165,83.89,OK_BYPASS,
vlarge2_dense_2d,2k|3f,tb_2k_3f_none,True,200,92.97,OK_BYPASS,
vlarge_dense_2d,2p|3e,tb_2p_3e_none,True,314,58.24,OK_BYPASS,
vlarge_extreme_1d,2r|3h,tb_2r_3h_none,True,1480,31.82,OK_BYPASS,
vlarge_bal_mesh,2l|3c,tb_2l_3c_none,True,124,201.79,OK_BYPASS,
vlarge_unbal_hc,2o|3g,tb_2o_3g_none,True,316,51.61,OK_BYPASS,
large_bal_mesh,2o|3h,tb_2o_3h_none,True,145,41.65,OK_BYPASS,
vlarge2_mod_ring,2m|3a,tb_2m_3a_none,True,1189,384.82,OK_BYPASS,
large_unbal_torus,2o|3f,tb_2o_3f_none,True,213,29.84,OK_BYPASS,
large_mod_ring,2n|3c,tb_2n_3c_none,True,56,135.14,OK_BYPASS,
vlarge_mod_ring,2n|3c,tb_2n_3c_none,True,56,325.61,OK_BYPASS,
max_dense_hc,2n|3h,tb_2n_3h_none,True,1081,717.35,OK_BYPASS,
med_full_torus,2o|3a,tb_2o_3a_none,True,132,69.4,OK_BYPASS,
med_mod_ring,2n|3j,tb_2n_3j_none,True,55,34.78,OK_BYPASS,
vlarge2_dense_2d,2k|3g,tb_2k_3g_none,True,200,74.58,OK_BYPASS,
max_dense_hc,2n|3i,tb_2n_3i_none,True,1084,661.61,OK_BYPASS,
max_bal_2d,2k|3j,tb_2k_3j_none,True,98,1341.16,OK_BYPASS,
vlarge2_mod_ring,2m|3b,tb_2m_3b_none,True,1228,350.73,OK_BYPASS,
vlarge_extreme_1d,2r|3i,tb_2r_3i_none,True,1476,26.51,OK_BYPASS,
vlarge_dense_2d,2p|3g,tb_2p_3g_none,True,314,44.17,OK_BYPASS,
vlarge_unbal_hc,2o|3h,tb_2o_3h_none,True,316,49.82,OK_BYPASS,
large_bal_mesh,2o|3i,tb_2o_3i_none,True,145,42.57,OK_BYPASS,
vlarge_bal_mesh,2l|3d,tb_2l_3d_none,True,124,173.7,OK_BYPASS,
maxp_dense_hc,2l|3h,tb_2l_3h_none,True,124,2664.82,OK_BYPASS,
large_unbal_torus,2o|3h,tb_2o_3h_none,True,213,30.09,OK_BYPASS,
med_full_torus,2o|3c,tb_2o_3c_none,True,132,72.62,OK_BYPASS,
large_mod_ring,2o|3a,tb_2o_3a_none,True,600,131.37,OK_BYPASS,
med_mod_ring,2o|3a,tb_2o_3a_none,True,198,37.66,OK_BYPASS,
vlarge2_dense_2d,2k|3h,tb_2k_3h_none,True,200,77.31,OK_BYPASS,
vlarge_mod_ring,2o|3a,tb_2o_3a_none,True,1121,319.02,OK_BYPASS,
vlarge_dense_2d,2p|3h,tb_2p_3h_none,True,314,44.91,OK_BYPASS,
vlarge_extreme_1d,2r|3j,tb_2r_3j_none,True,1484,26.93,OK_BYPASS,
vlarge_bal_mesh,2l|3j,tb_2l_3j_none,True,124,171.72,OK_BYPASS,
vlarge_unbal_hc,2o|3i,tb_2o_3i_none,True,316,50.06,OK_BYPASS,
large_bal_mesh,2o|3j,tb_2o_3j_none,True,145,39.66,OK_BYPASS,
vlarge2_mod_ring,2m|3d,tb_2m_3d_none,True,1193,348.37,OK_BYPASS,
large_unbal_torus,2o|3i,tb_2o_3i_none,True,213,29.71,OK_BYPASS,
maxp_bal_2d,2i|3d,tb_2i_3d_none,True,11114,7556.61,OK_BYPASS,
large_mod_ring,2o|3d,tb_2o_3d_none,True,600,129.17,OK_BYPASS,
vlarge_mod_ring,2o|3d,tb_2o_3d_none,True,1121,315.38,OK_BYPASS,
med_full_torus,2o|3d,tb_2o_3d_none,True,132,69.81,OK_BYPASS,
med_mod_ring,2o|3d,tb_2o_3d_none,True,198,36.53,OK_BYPASS,
max_dense_hc,2n|3j,tb_2n_3j_none,True,1083,643.88,OK_BYPASS,
vlarge2_dense_2d,2k|3i,tb_2k_3i_none,True,200,81.02,OK_BYPASS,
vlarge_dense_2d,2p|3i,tb_2p_3i_none,True,314,46.14,OK_BYPASS,
vlarge_unbal_hc,2o|3j,tb_2o_3j_none,True,316,54.55,OK_BYPASS,
large_bal_mesh,2p|3a,tb_2p_3a_none,True,206,43.52,OK_BYPASS,
vlarge_bal_mesh,2n|3a,tb_2n_3a_none,True,2942,212.3,OK_BYPASS,
large_unbal_torus,2p|3a,tb_2p_3a_none,True,291,31.03,OK_BYPASS,
maxp_bal_2d,2i|3e,tb_2i_3e_none,True,11114,7520.33,OK_BYPASS,
large_mod_ring,2o|3e,tb_2o_3e_none,True,600,136.77,OK_BYPASS,
vlarge2_mod_ring,2m|3e,tb_2m_3e_none,True,1235,359.1,OK_BYPASS,
vlarge_mod_ring,2o|3e,tb_2o_3e_none,True,1121,322.63,OK_BYPASS,
med_full_torus,2o|3f,tb_2o_3f_none,True,132,70.02,OK_BYPASS,
med_mod_ring,2o|3e,tb_2o_3e_none,True,198,36.93,OK_BYPASS,
max_dense_hc,2o|3a,tb_2o_3a_none,True,162,583.78,OK_BYPASS,
vlarge2_dense_2d,2k|3j,tb_2k_3j_none,True,200,76.71,OK_BYPASS,
vlarge_bal_mesh,2n|3b,tb_2n_3b_none,True,2943,205.96,OK_BYPASS,
vlarge_dense_2d,2q|3a,tb_2q_3a_none,True,651,43.79,OK_BYPASS,
vlarge2_mod_ring,2m|3h,tb_2m_3h_none,True,1189,342.94,OK_BYPASS,
max_dense_hc,2o|3h,tb_2o_3h_none,True,162,573.76,OK_BYPASS,
large_bal_mesh,2p|3b,tb_2p_3b_none,True,207,40.7,OK_BYPASS,
vlarge_unbal_hc,2p|3a,tb_2p_3a_none,True,321,49.18,OK_BYPASS,
large_unbal_torus,2p|3b,tb_2p_3b_none,True,291,30.53,OK_BYPASS,
large_mod_ring,2o|3h,tb_2o_3h_none,True,600,137.26,OK_BYPASS,
med_full_torus,2o|3g,tb_2o_3g_none,True,132,76.82,OK_BYPASS,
med_mod_ring,2o|3h,tb_2o_3h_none,True,198,35.84,OK_BYPASS,
vlarge_mod_ring,2o|3h,tb_2o_3h_none,True,1121,331.04,OK_BYPASS,
vlarge2_dense_2d,2l|3c,tb_2l_3c_none,True,244,78.04,OK_BYPASS,
vlarge_bal_mesh,2n|3c,tb_2n_3c_none,True,2941,203.32,OK_BYPASS,
vlarge_dense_2d,2q|3c,tb_2q_3c_none,True,651,43.66,OK_BYPASS,
vlarge2_mod_ring,2m|3i,tb_2m_3i_none,True,1226,353.06,OK_BYPASS,
max_dense_hc,2p|3a,tb_2p_3a_none,True,225,595.58,OK_BYPASS,
max_bal_2d,2l|3d,tb_2l_3d_none,True,64,1285.27,OK_BYPASS,
vlarge_unbal_hc,2p|3b,tb_2p_3b_none,True,321,49.14,OK_BYPASS,
large_bal_mesh,2p|3c,tb_2p_3c_none,True,207,42.99,OK_BYPASS,
large_unbal_torus,2p|3e,tb_2p_3e_none,True,291,31.28,OK_BYPASS,
med_full_torus,2o|3h,tb_2o_3h_none,True,132,73.73,OK_BYPASS,
large_mod_ring,2o|3i,tb_2o_3i_none,True,600,139.02,OK_BYPASS,
med_mod_ring,2o|3i,tb_2o_3i_none,True,198,37.27,OK_BYPASS,
maxp_bal_2d,2i|3i,tb_2i_3i_none,True,11117,7281.12,OK_BYPASS,
vlarge2_dense_2d,2n|3a,tb_2n_3a_none,True,4592,97.82,OK_BYPASS,
vlarge_mod_ring,2o|3i,tb_2o_3i_none,True,1121,323.54,OK_BYPASS,
maxp_dense_hc,2n|3d,tb_2n_3d_none,True,1424,3183.52,OK_BYPASS,
vlarge_dense_2d,2q|3d,tb_2q_3d_none,True,651,46.31,OK_BYPASS,
large_bal_mesh,2p|3d,tb_2p_3d_none,True,206,41.34,OK_BYPASS,
vlarge_unbal_hc,2p|3c,tb_2p_3c_none,True,321,48.55,OK_BYPASS,
large_unbal_torus,2p|3f,tb_2p_3f_none,True,291,30.24,OK_BYPASS,
vlarge_bal_mesh,2n|3d,tb_2n_3d_none,True,2941,210.5,OK_BYPASS,
large_mod_ring,2o|3j,tb_2o_3j_none,True,600,137.99,OK_BYPASS,
vlarge2_mod_ring,2m|3j,tb_2m_3j_none,True,1189,365.31,OK_BYPASS,
med_full_torus,2o|3i,tb_2o_3i_none,True,132,73.1,OK_BYPASS,
med_mod_ring,2o|3j,tb_2o_3j_none,True,198,39.54,OK_BYPASS,
vlarge_mod_ring,2o|3j,tb_2o_3j_none,True,1121,327.36,OK_BYPASS,
max_dense_hc,2p|3c,tb_2p_3c_none,True,225,602.13,OK_BYPASS,
maxp_bal_2d,2i|3j,tb_2i_3j_none,True,11115,7261.22,OK_BYPASS,
vlarge2_dense_2d,2n|3b,tb_2n_3b_none,True,4593,99.3,OK_BYPASS,
vlarge_dense_2d,2q|3f,tb_2q_3f_none,True,651,47.43,OK_BYPASS,
vlarge_unbal_hc,2p|3d,tb_2p_3d_none,True,321,50.61,OK_BYPASS,
large_bal_mesh,2p|3e,tb_2p_3e_none,True,206,44.29,OK_BYPASS,
large_unbal_torus,2p|3g,tb_2p_3g_none,True,291,29.71,OK_BYPASS,
maxp_bal_2d,2k|3d,tb_2k_3d_none,True,157,5162.18,OK_BYPASS,
vlarge_bal_mesh,2n|3e,tb_2n_3e_none,True,2940,221.05,OK_BYPASS,
large_mod_ring,2p|3b,tb_2p_3b_none,True,600,136.66,OK_BYPASS,
med_full_torus,2o|3j,tb_2o_3j_none,True,132,73.15,OK_BYPASS,
med_mod_ring,2p|3a,tb_2p_3a_none,True,198,38.43,OK_BYPASS,
vlarge_mod_ring,2p|3a,tb_2p_3a_none,True,1121,330.02,OK_BYPASS,
max_dense_hc,2p|3d,tb_2p_3d_none,True,226,604.78,OK_BYPASS,
vlarge2_mod_ring,2n|3b,tb_2n_3b_none,True,4964,421.13,OK_BYPASS,
vlarge2_dense_2d,2n|3c,tb_2n_3c_none,True,4592,95.85,OK_BYPASS,
vlarge_dense_2d,2r|3a,tb_2r_3a_none,True,1107,53.47,OK_BYPASS,
vlarge_unbal_hc,2p|3e,tb_2p_3e_none,True,321,49.25,OK_BYPASS,
large_bal_mesh,2p|3f,tb_2p_3f_none,True,207,41.79,OK_BYPASS,
vlarge_bal_mesh,2n|3f,tb_2n_3f_none,True,2941,214.87,OK_BYPASS,
large_unbal_torus,2p|3h,tb_2p_3h_none,True,291,29.99,OK_BYPASS,
large_mod_ring,2p|3c,tb_2p_3c_none,True,600,136.23,OK_BYPASS,
max_dense_hc,2p|3e,tb_2p_3e_none,True,225,596.68,OK_BYPASS,
vlarge_mod_ring,2p|3b,tb_2p_3b_none,True,1121,327.28,OK_BYPASS,
vlarge2_mod_ring,2n|3c,tb_2n_3c_none,True,4960,419.79,OK_BYPASS,
med_mod_ring,2p|3b,tb_2p_3b_none,True,198,37.14,OK_BYPASS,
med_full_torus,2p|3a,tb_2p_3a_none,True,130,73.02,OK_BYPASS,
vlarge2_dense_2d,2n|3d,tb_2n_3d_none,True,4593,95.67,OK_BYPASS,
vlarge_dense_2d,2r|3b,tb_2r_3b_none,True,1108,50.76,OK_BYPASS,
vlarge_bal_mesh,2n|3g,tb_2n_3g_none,True,2941,216.2,OK_BYPASS,
vlarge_unbal_hc,2p|3g,tb_2p_3g_none,True,321,51.56,OK_BYPASS,
large_bal_mesh,2p|3h,tb_2p_3h_none,True,207,39.7,OK_BYPASS,
vlarge2_mod_ring,2n|3j,tb_2n_3j_none,True,4961,425.1,OK_BYPASS,
large_mod_ring,2p|3d,tb_2p_3d_none,True,600,132.82,OK_BYPASS,
large_unbal_torus,2p|3i,tb_2p_3i_none,True,291,30.43,OK_BYPASS,
max_dense_hc,2p|3f,tb_2p_3f_none,True,226,591.7,OK_BYPASS,
vlarge_mod_ring,2p|3c,tb_2p_3c_none,True,1121,330.53,OK_BYPASS,
med_mod_ring,2p|3c,tb_2p_3c_none,True,198,37.52,OK_BYPASS,
med_full_torus,2p|3b,tb_2p_3b_none,True,130,69.63,OK_BYPASS,
vlarge2_dense_2d,2n|3e,tb_2n_3e_none,True,4593,93.9,OK_BYPASS,
vlarge_dense_2d,2r|3c,tb_2r_3c_none,True,1108,51.85,OK_BYPASS,
vlarge_bal_mesh,2n|3h,tb_2n_3h_none,True,2944,207.78,OK_BYPASS,
vlarge_unbal_hc,2p|3h,tb_2p_3h_none,True,321,47.18,OK_BYPASS,
large_bal_mesh,2p|3i,tb_2p_3i_none,True,206,40.27,OK_BYPASS,
vlarge2_mod_ring,2o|3a,tb_2o_3a_none,True,1136,345.72,OK_BYPASS,
large_unbal_torus,2q|3a,tb_2q_3a_none,True,460,28.36,OK_BYPASS,
vlarge_mod_ring,2p|3d,tb_2p_3d_none,True,1121,320.4,OK_BYPASS,
large_mod_ring,2p|3e,tb_2p_3e_none,True,600,130.32,OK_BYPASS,
med_full_torus,2p|3c,tb_2p_3c_none,True,130,71.18,OK_BYPASS,
max_dense_hc,2p|3g,tb_2p_3g_none,True,225,592.7,OK_BYPASS,
med_mod_ring,2p|3d,tb_2p_3d_none,True,198,36.92,OK_BYPASS,
max_bal_2d,2l|3j,tb_2l_3j_none,True,64,1289.32,OK_BYPASS,
vlarge2_dense_2d,2n|3f,tb_2n_3f_none,True,4593,94.15,OK_BYPASS,
max_mod_fat,2i|3d,tb_2i_3d_none,True,2422,25427.01,OK_BYPASS,
vlarge_dense_2d,2r|3d,tb_2r_3d_none,True,1108,52.69,OK_BYPASS,
vlarge_unbal_hc,2q|3a,tb_2q_3a_none,True,686,51.31,OK_BYPASS,
large_bal_mesh,2p|3j,tb_2p_3j_none,True,207,39.6,OK_BYPASS,
vlarge_bal_mesh,2n|3i,tb_2n_3i_none,True,2944,213.79,OK_BYPASS,
large_unbal_torus,2r|3a,tb_2r_3a_none,True,1366,32.3,OK_BYPASS,
vlarge2_mod_ring,2o|3d,tb_2o_3d_none,True,1136,343.53,OK_BYPASS,
large_mod_ring,2p|3f,tb_2p_3f_none,True,600,133.84,OK_BYPASS,
max_dense_hc,2p|3h,tb_2p_3h_none,True,225,575.35,OK_BYPASS,
med_mod_ring,2p|3e,tb_2p_3e_none,True,198,36.5,OK_BYPASS,
med_full_torus,2p|3d,tb_2p_3d_none,True,130,71.3,OK_BYPASS,
vlarge_mod_ring,2p|3e,tb_2p_3e_none,True,1121,326.09,OK_BYPASS,
vlarge2_dense_2d,2n|3g,tb_2n_3g_none,True,4592,94.36,OK_BYPASS,
vlarge_dense_2d,2r|3e,tb_2r_3e_none,True,1108,49.45,OK_BYPASS,
vlarge_unbal_hc,2q|3b,tb_2q_3b_none,True,686,52.89,OK_BYPASS,
large_bal_mesh,2q|3a,tb_2q_3a_none,True,449,43.4,OK_BYPASS,
vlarge_bal_mesh,2n|3j,tb_2n_3j_none,True,2940,208.7,OK_BYPASS,
large_unbal_torus,2r|3b,tb_2r_3b_none,True,1368,32.93,OK_BYPASS,
large_mod_ring,2p|3g,tb_2p_3g_none,True,600,136.67,OK_BYPASS,
vlarge2_mod_ring,2o|3e,tb_2o_3e_none,True,1136,346.81,OK_BYPASS,
med_mod_ring,2p|3f,tb_2p_3f_none,True,198,39.3,OK_BYPASS,
med_full_torus,2p|3e,tb_2p_3e_none,True,130,72.58,OK_BYPASS,
vlarge_mod_ring,2p|3f,tb_2p_3f_none,True,1121,333.76,OK_BYPASS,
max_dense_hc,2p|3j,tb_2p_3j_none,True,226,575.73,OK_BYPASS,
vlarge2_dense_2d,2n|3h,tb_2n_3h_none,True,4593,96.67,OK_BYPASS,
vlarge_dense_2d,2r|3f,tb_2r_3f_none,True,1108,50.69,OK_BYPASS,
vlarge_unbal_hc,2q|3d,tb_2q_3d_none,True,686,52.23,OK_BYPASS,
vlarge_bal_mesh,2o|3a,tb_2o_3a_none,True,195,170.91,OK_BYPASS,
large_bal_mesh,2q|3h,tb_2q_3h_none,True,449,39.29,OK_BYPASS,
large_unbal_torus,2r|3c,tb_2r_3c_none,True,1366,32.15,OK_BYPASS,
maxp_dense_hc,2n|3j,tb_2n_3j_none,True,1424,3138.31,OK_BYPASS,
max_mod_fat,2k|3d,tb_2k_3d_none,True,386,19244.01,OK_BYPASS,
large_mod_ring,2p|3h,tb_2p_3h_none,True,600,132.76,OK_BYPASS,
vlarge2_mod_ring,2o|3h,tb_2o_3h_none,True,1136,344.96,OK_BYPASS,
med_full_torus,2p|3f,tb_2p_3f_none,True,130,72.49,OK_BYPASS,
med_mod_ring,2p|3h,tb_2p_3h_none,True,198,36.21,OK_BYPASS,
max_mod_fat,2i|3j,tb_2i_3j_none,True,2422,23638.99,OK_BYPASS,
vlarge_mod_ring,2p|3h,tb_2p_3h_none,True,1121,321.88,OK_BYPASS,
max_dense_hc,2q|3a,tb_2q_3a_none,True,846,605.56,OK_BYPASS,
vlarge_dense_2d,2r|3g,tb_2r_3g_none,True,1113,51.67,OK_BYPASS,
vlarge2_dense_2d,2n|3i,tb_2n_3i_none,True,4593,96.1,OK_BYPASS,
vlarge_unbal_hc,2q|3h,tb_2q_3h_none,True,686,53.49,OK_BYPASS,
large_bal_mesh,2q|3j,tb_2q_3j_none,True,449,45.63,OK_BYPASS,
large_unbal_torus,2r|3d,tb_2r_3d_none,True,1368,33.31,OK_BYPASS,
vlarge_bal_mesh,2o|3b,tb_2o_3b_none,True,195,177.75,OK_BYPASS,
large_mod_ring,2p|3i,tb_2p_3i_none,True,600,141.48,OK_BYPASS,
maxp_bal_2d,2k|3j,tb_2k_3j_none,True,157,5153.91,OK_BYPASS,
med_full_torus,2p|3h,tb_2p_3h_none,True,130,73.18,OK_BYPASS,
vlarge2_mod_ring,2o|3i,tb_2o_3i_none,True,1136,350.38,OK_BYPASS,
med_mod_ring,2p|3i,tb_2p_3i_none,True,198,38.29,OK_BYPASS,
vlarge_mod_ring,2p|3i,tb_2p_3i_none,True,1121,326.74,OK_BYPASS,
vlarge2_dense_2d,2n|3j,tb_2n_3j_none,True,4593,99.32,OK_BYPASS,
vlarge_dense_2d,2r|3h,tb_2r_3h_none,True,1108,52.15,OK_BYPASS,
max_dense_hc,2q|3b,tb_2q_3b_none,True,848,603.66,OK_BYPASS,
vlarge_unbal_hc,2q|3i,tb_2q_3i_none,True,686,53.12,OK_BYPASS,
large_bal_mesh,2r|3a,tb_2r_3a_none,True,151,45.81,OK_BYPASS,
large_unbal_torus,2r|3f,tb_2r_3f_none,True,1369,30.6,OK_BYPASS,
vlarge_bal_mesh,2o|3d,tb_2o_3d_none,True,195,179.67,OK_BYPASS,
med_full_torus,2p|3i,tb_2p_3i_none,True,130,72.01,OK_BYPASS,
large_mod_ring,2p|3j,tb_2p_3j_none,True,600,136.23,OK_BYPASS,
med_mod_ring,2p|3j,tb_2p_3j_none,True,198,38.46,OK_BYPASS,
vlarge2_dense_2d,2o|3a,tb_2o_3a_none,True,244,78.0,OK_BYPASS,
vlarge2_mod_ring,2o|3j,tb_2o_3j_none,True,1136,360.95,OK_BYPASS,
vlarge_mod_ring,2p|3j,tb_2p_3j_none,True,1121,328.43,OK_BYPASS,
vlarge_dense_2d,2r|3i,tb_2r_3i_none,True,1107,50.37,OK_BYPASS,
max_dense_hc,2q|3c,tb_2q_3c_none,True,846,603.68,OK_BYPASS,
vlarge_unbal_hc,2q|3j,tb_2q_3j_none,True,686,53.45,OK_BYPASS,
large_bal_mesh,2r|3b,tb_2r_3b_none,True,151,43.16,OK_BYPASS,
large_unbal_torus,2r|3g,tb_2r_3g_none,True,1373,33.22,OK_BYPASS,
vlarge_bal_mesh,2o|3e,tb_2o_3e_none,True,195,180.11,OK_BYPASS,
med_full_torus,2p|3j,tb_2p_3j_none,True,130,71.81,OK_BYPASS,
large_mod_ring,2q|3a,tb_2q_3a_none,True,1687,140.44,OK_BYPASS,
med_mod_ring,2q|3a,tb_2q_3a_none,True,417,35.48,OK_BYPASS,
vlarge2_mod_ring,2p|3a,tb_2p_3a_none,True,1153,367.08,OK_BYPASS,
max_bal_2d,2n|3d,tb_2n_3d_none,True,2309,1597.34,OK_BYPASS,
vlarge2_dense_2d,2o|3c,tb_2o_3c_none,True,244,80.94,OK_BYPASS,
vlarge_dense_2d,2r|3j,tb_2r_3j_none,True,1108,50.47,OK_BYPASS,
vlarge_mod_ring,2q|3a,tb_2q_3a_none,True,3026,357.18,OK_BYPASS,
vlarge_unbal_hc,2r|3a,tb_2r_3a_none,True,1707,57.16,OK_BYPASS,
max_dense_hc,2q|3d,tb_2q_3d_none,True,851,605.22,OK_BYPASS,
large_bal_mesh,2r|3c,tb_2r_3c_none,True,151,44.41,OK_BYPASS,
large_unbal_torus,2r|3h,tb_2r_3h_none,True,1369,31.64,OK_BYPASS,
vlarge_bal_mesh,2o|3h,tb_2o_3h_none,True,195,176.9,OK_BYPASS,
med_full_torus,2q|3a,tb_2q_3a_none,True,364,71.29,OK_BYPASS,
large_mod_ring,2q|3b,tb_2q_3b_none,True,1690,139.9,OK_BYPASS,
med_mod_ring,2q|3b,tb_2q_3b_none,True,417,39.13,OK_BYPASS,
vlarge2_mod_ring,2p|3b,tb_2p_3b_none,True,1153,354.5,OK_BYPASS,
vlarge2_dense_2d,2o|3d,tb_2o_3d_none,True,244,76.42,OK_BYPASS,
vlarge_mod_ring,2q|3b,tb_2q_3b_none,True,3027,350.79,OK_BYPASS,
vlarge_unbal_hc,2r|3b,tb_2r_3b_none,True,1709,56.75,OK_BYPASS,
max_bal_2d,2n|3e,tb_2n_3e_none,True,2305,1599.51,OK_BYPASS,
max_dense_hc,2q|3e,tb_2q_3e_none,True,849,599.46,OK_BYPASS,
large_unbal_torus,2r|3i,tb_2r_3i_none,True,1373,33.11,OK_BYPASS,
large_bal_mesh,2r|3d,tb_2r_3d_none,True,151,45.22,OK_BYPASS,
vlarge_bal_mesh,2o|3i,tb_2o_3i_none,True,195,174.95,OK_BYPASS,
large_mod_ring,2q|3c,tb_2q_3c_none,True,1686,140.38,OK_BYPASS,
max_mod_fat,2k|3j,tb_2k_3j_none,True,388,19173.6,OK_BYPASS,
med_mod_ring,2q|3c,tb_2q_3c_none,True,418,38.95,OK_BYPASS,
med_full_torus,2q|3b,tb_2q_3b_none,True,368,72.84,OK_BYPASS,
vlarge2_mod_ring,2p|3c,tb_2p_3c_none,True,1153,360.21,OK_BYPASS,
vlarge_mod_ring,2q|3c,tb_2q_3c_none,True,3035,348.81,OK_BYPASS,
vlarge2_dense_2d,2o|3f,tb_2o_3f_none,True,244,81.11,OK_BYPASS,
max_dense_hc,2q|3f,tb_2q_3f_none,True,846,603.87,OK_BYPASS,
vlarge_unbal_hc,2r|3c,tb_2r_3c_none,True,1714,62.52,OK_BYPASS,
large_bal_mesh,2r|3e,tb_2r_3e_none,True,151,47.22,OK_BYPASS,
large_unbal_torus,2r|3j,tb_2r_3j_none,True,1368,32.4,OK_BYPASS,
vlarge_bal_mesh,2o|3j,tb_2o_3j_none,True,195,186.56,OK_BYPASS,
med_full_torus,2q|3c,tb_2q_3c_none,True,367,75.72,OK_BYPASS,
large_mod_ring,2q|3d,tb_2q_3d_none,True,1691,148.61,OK_BYPASS,
med_mod_ring,2q|3d,tb_2q_3d_none,True,421,39.96,OK_BYPASS,
vlarge2_dense_2d,2o|3g,tb_2o_3g_none,True,244,79.9,OK_BYPASS,
vlarge2_mod_ring,2p|3d,tb_2p_3d_none,True,1153,370.99,OK_BYPASS,
vlarge_mod_ring,2q|3d,tb_2q_3d_none,True,3038,369.2,OK_BYPASS,
max_dense_hc,2q|3g,tb_2q_3g_none,True,846,627.71,OK_BYPASS,
vlarge_unbal_hc,2r|3d,tb_2r_3d_none,True,1711,60.29,OK_BYPASS,
maxp_bal_2d,2l|3d,tb_2l_3d_none,True,64,5004.93,OK_BYPASS,
large_bal_mesh,2r|3f,tb_2r_3f_none,True,151,45.56,OK_BYPASS,
vlarge_bal_mesh,2p|3a,tb_2p_3a_none,True,278,185.67,OK_BYPASS,
med_full_torus,2q|3d,tb_2q_3d_none,True,366,74.3,OK_BYPASS,
med_mod_ring,2q|3f,tb_2q_3f_none,True,417,38.34,OK_BYPASS,
large_mod_ring,2q|3e,tb_2q_3e_none,True,1684,146.43,OK_BYPASS,
vlarge2_dense_2d,2o|3h,tb_2o_3h_none,True,244,76.97,OK_BYPASS,
vlarge2_mod_ring,2p|3e,tb_2p_3e_none,True,1153,363.46,OK_BYPASS,
vlarge_mod_ring,2q|3e,tb_2q_3e_none,True,3027,358.63,OK_BYPASS,
vlarge_unbal_hc,2r|3e,tb_2r_3e_none,True,1711,57.39,OK_BYPASS,
large_bal_mesh,2r|3g,tb_2r_3g_none,True,151,44.67,OK_BYPASS,
vlarge_bal_mesh,2p|3b,tb_2p_3b_none,True,287,176.21,OK_BYPASS,
max_dense_hc,2q|3h,tb_2q_3h_none,True,846,620.43,OK_BYPASS,
med_mod_ring,2q|3h,tb_2q_3h_none,True,417,36.81,OK_BYPASS,
med_full_torus,2q|3e,tb_2q_3e_none,True,369,73.41,OK_BYPASS,
large_mod_ring,2q|3f,tb_2q_3f_none,True,1686,141.07,OK_BYPASS,
vlarge2_dense_2d,2o|3i,tb_2o_3i_none,True,244,78.9,OK_BYPASS,
vlarge2_mod_ring,2p|3f,tb_2p_3f_none,True,1153,352.88,OK_BYPASS,
vlarge_unbal_hc,2r|3f,tb_2r_3f_none,True,1713,58.3,OK_BYPASS,
vlarge_mod_ring,2q|3f,tb_2q_3f_none,True,3035,350.79,OK_BYPASS,
large_bal_mesh,2r|3h,tb_2r_3h_none,True,151,44.15,OK_BYPASS,
vlarge_bal_mesh,2p|3c,tb_2p_3c_none,True,288,176.17,OK_BYPASS,
max_dense_hc,2q|3i,tb_2q_3i_none,True,846,617.73,OK_BYPASS,
large_mod_ring,2q|3h,tb_2q_3h_none,True,1686,144.74,OK_BYPASS,
med_full_torus,2q|3f,tb_2q_3f_none,True,370,76.58,OK_BYPASS,
vlarge2_mod_ring,2p|3h,tb_2p_3h_none,True,1153,353.62,OK_BYPASS,
med_mod_ring,2q|3i,tb_2q_3i_none,True,417,37.08,OK_BYPASS,
vlarge_mod_ring,2q|3h,tb_2q_3h_none,True,3035,347.27,OK_BYPASS,
vlarge2_dense_2d,2o|3j,tb_2o_3j_none,True,244,77.25,OK_BYPASS,
max_dense_hc,2q|3j,tb_2q_3j_none,True,848,614.78,OK_BYPASS,
max_bal_2d,2n|3j,tb_2n_3j_none,True,2309,1609.34,OK_BYPASS,
vlarge_bal_mesh,2p|3d,tb_2p_3d_none,True,288,182.47,OK_BYPASS,
vlarge_unbal_hc,2r|3g,tb_2r_3g_none,True,1714,59.03,OK_BYPASS,
large_bal_mesh,2r|3i,tb_2r_3i_none,True,151,44.36,OK_BYPASS,
large_mod_ring,2q|3i,tb_2q_3i_none,True,1685,145.64,OK_BYPASS,
vlarge2_mod_ring,2p|3i,tb_2p_3i_none,True,1153,361.08,OK_BYPASS,
med_mod_ring,2q|3j,tb_2q_3j_none,True,417,37.06,OK_BYPASS,
vlarge_mod_ring,2q|3i,tb_2q_3i_none,True,3033,357.05,OK_BYPASS,
med_full_torus,2q|3g,tb_2q_3g_none,True,369,74.47,OK_BYPASS,
max_dense_hc,2r|3a,tb_2r_3a_none,True,1032,704.52,OK_BYPASS,
vlarge2_dense_2d,2p|3a,tb_2p_3a_none,True,353,81.5,OK_BYPASS,
vlarge_unbal_hc,2r|3h,tb_2r_3h_none,True,1705,63.34,OK_BYPASS,
large_bal_mesh,2r|3j,tb_2r_3j_none,True,151,43.22,OK_BYPASS,
vlarge_bal_mesh,2p|3e,tb_2p_3e_none,True,280,178.09,OK_BYPASS,
large_mod_ring,2q|3j,tb_2q_3j_none,True,1688,142.54,OK_BYPASS,
vlarge2_mod_ring,2p|3j,tb_2p_3j_none,True,1153,369.06,OK_BYPASS,
vlarge_mod_ring,2q|3j,tb_2q_3j_none,True,3034,351.33,OK_BYPASS,
max_bal_2d,2o|3d,tb_2o_3d_none,True,247,1326.76,OK_BYPASS,
med_full_torus,2q|3h,tb_2q_3h_none,True,370,70.93,OK_BYPASS,
med_mod_ring,2r|3b,tb_2r_3b_none,True,249,37.37,OK_BYPASS,
max_dense_hc,2r|3b,tb_2r_3b_none,True,1035,694.01,OK_BYPASS,
vlarge2_dense_2d,2p|3b,tb_2p_3b_none,True,353,80.67,OK_BYPASS,
vlarge_unbal_hc,2r|3i,tb_2r_3i_none,True,1712,62.66,OK_BYPASS,
vlarge_bal_mesh,2p|3f,tb_2p_3f_none,True,288,176.41,OK_BYPASS,
max_mod_fat,2l|3d,tb_2l_3d_none,True,34,20107.05,OK_BYPASS,
large_mod_ring,2r|3c,tb_2r_3c_none,True,677,143.93,OK_BYPASS,
med_full_torus,2q|3i,tb_2q_3i_none,True,365,72.75,OK_BYPASS,
vlarge2_mod_ring,2q|3a,tb_2q_3a_none,True,1924,375.79,OK_BYPASS,
med_mod_ring,2r|3c,tb_2r_3c_none,True,249,37.15,OK_BYPASS,
vlarge_mod_ring,2r|3b,tb_2r_3b_none,True,1211,349.06,OK_BYPASS,
max_dense_hc,2r|3c,tb_2r_3c_none,True,1035,695.5,OK_BYPASS,
vlarge2_dense_2d,2p|3c,tb_2p_3c_none,True,353,82.47,OK_BYPASS,
maxp_dense_hc,2q|3d,tb_2q_3d_none,True,1135,2746.93,OK_BYPASS,
vlarge_unbal_hc,2r|3j,tb_2r_3j_none,True,1707,62.0,OK_BYPASS,
vlarge_bal_mesh,2p|3g,tb_2p_3g_none,True,283,180.7,OK_BYPASS,
large_mod_ring,2r|3d,tb_2r_3d_none,True,677,149.56,OK_BYPASS,
med_full_torus,2q|3j,tb_2q_3j_none,True,366,76.94,OK_BYPASS,
med_mod_ring,2r|3d,tb_2r_3d_none,True,249,37.88,OK_BYPASS,
vlarge2_dense_2d,2p|3d,tb_2p_3d_none,True,353,79.54,OK_BYPASS,
vlarge2_mod_ring,2q|3b,tb_2q_3b_none,True,1927,376.73,OK_BYPASS,
vlarge_mod_ring,2r|3c,tb_2r_3c_none,True,1211,354.83,OK_BYPASS,
vlarge_bal_mesh,2p|3h,tb_2p_3h_none,True,288,178.22,OK_BYPASS,
large_mod_ring,2r|3e,tb_2r_3e_none,True,677,143.73,OK_BYPASS,
max_dense_hc,2r|3d,tb_2r_3d_none,True,1034,707.27,OK_BYPASS,
med_full_torus,2r|3c,tb_2r_3c_none,True,49,70.04,OK_BYPASS,
vlarge2_mod_ring,2q|3c,tb_2q_3c_none,True,1923,366.51,OK_BYPASS,
med_mod_ring,2r|3e,tb_2r_3e_none,True,249,37.69,OK_BYPASS,
vlarge_mod_ring,2r|3d,tb_2r_3d_none,True,1211,345.96,OK_BYPASS,
vlarge2_dense_2d,2p|3e,tb_2p_3e_none,True,353,79.82,OK_BYPASS,
max_dense_hc,2r|3e,tb_2r_3e_none,True,1037,697.83,OK_BYPASS,
maxp_bal_2d,2l|3j,tb_2l_3j_none,True,64,5093.81,OK_BYPASS,
vlarge_bal_mesh,2p|3i,tb_2p_3i_none,True,283,175.01,OK_BYPASS,
large_mod_ring,2r|3h,tb_2r_3h_none,True,677,139.68,OK_BYPASS,
vlarge2_mod_ring,2q|3d,tb_2q_3d_none,True,1926,372.03,OK_BYPASS,
vlarge_mod_ring,2r|3e,tb_2r_3e_none,True,1211,342.58,OK_BYPASS,
med_mod_ring,2r|3h,tb_2r_3h_none,True,249,37.7,OK_BYPASS,
vlarge2_dense_2d,2p|3f,tb_2p_3f_none,True,353,81.76,OK_BYPASS,
max_bal_2d,2o|3j,tb_2o_3j_none,True,247,1366.18,OK_BYPASS,
max_dense_hc,2r|3f,tb_2r_3f_none,True,1035,685.2,OK_BYPASS,
vlarge_bal_mesh,2p|3j,tb_2p_3j_none,True,283,180.34,OK_BYPASS,
large_mod_ring,2r|3i,tb_2r_3i_none,True,677,145.55,OK_BYPASS,
med_mod_ring,2r|3i,tb_2r_3i_none,True,249,36.29,OK_BYPASS,
maxp_dense_hc,2q|3h,tb_2q_3h_none,True,1135,2791.92,OK_BYPASS,
vlarge2_mod_ring,2q|3e,tb_2q_3e_none,True,1929,376.47,OK_BYPASS,
vlarge2_dense_2d,2p|3h,tb_2p_3h_none,True,353,76.45,OK_BYPASS,
vlarge_mod_ring,2r|3h,tb_2r_3h_none,True,1211,344.95,OK_BYPASS,
max_dense_hc,2r|3g,tb_2r_3g_none,True,1035,688.87,OK_BYPASS,
vlarge_bal_mesh,2q|3a,tb_2q_3a_none,True,722,178.89,OK_BYPASS,
large_mod_ring,2r|3j,tb_2r_3j_none,True,677,142.24,OK_BYPASS,
med_mod_ring,2r|3j,tb_2r_3j_none,True,249,36.95,OK_BYPASS,
vlarge2_dense_2d,2p|3i,tb_2p_3i_none,True,353,76.58,OK_BYPASS,
vlarge2_mod_ring,2q|3f,tb_2q_3f_none,True,1922,370.02,OK_BYPASS,
vlarge_mod_ring,2r|3i,tb_2r_3i_none,True,1211,337.13,OK_BYPASS,
vlarge2_dense_2d,2p|3j,tb_2p_3j_none,True,353,80.71,OK_BYPASS,
vlarge_bal_mesh,2q|3b,tb_2q_3b_none,True,721,172.71,OK_BYPASS,
max_mod_fat,2l|3j,tb_2l_3j_none,True,34,19927.65,OK_BYPASS,
max_dense_hc,2r|3h,tb_2r_3h_none,True,1035,688.8,OK_BYPASS,
vlarge2_mod_ring,2q|3h,tb_2q_3h_none,True,1922,358.28,OK_BYPASS,
vlarge2_dense_2d,2q|3a,tb_2q_3a_none,True,745,78.33,OK_BYPASS,
vlarge_bal_mesh,2q|3c,tb_2q_3c_none,True,723,171.51,OK_BYPASS,
vlarge_mod_ring,2r|3j,tb_2r_3j_none,True,1211,334.02,OK_BYPASS,
vlarge2_dense_2d,2q|3b,tb_2q_3b_none,True,745,80.44,OK_BYPASS,
vlarge_bal_mesh,2q|3d,tb_2q_3d_none,True,721,170.77,OK_BYPASS,
max_bal_2d,2p|3d,tb_2p_3d_none,True,266,1357.74,OK_BYPASS,
vlarge2_mod_ring,2q|3i,tb_2q_3i_none,True,1933,354.15,OK_BYPASS,
maxp_dense_hc,2q|3j,tb_2q_3j_none,True,1134,2760.41,OK_BYPASS,
max_dense_hc,2r|3i,tb_2r_3i_none,True,1037,674.84,OK_BYPASS,
vlarge2_dense_2d,2q|3d,tb_2q_3d_none,True,745,82.58,OK_BYPASS,
vlarge_bal_mesh,2q|3e,tb_2q_3e_none,True,721,178.37,OK_BYPASS,
vlarge2_mod_ring,2q|3j,tb_2q_3j_none,True,1924,353.28,OK_BYPASS,
vlarge2_dense_2d,2q|3f,tb_2q_3f_none,True,741,78.99,OK_BYPASS,
vlarge_bal_mesh,2q|3f,tb_2q_3f_none,True,721,172.0,OK_BYPASS,
vlarge2_dense_2d,2q|3h,tb_2q_3h_none,True,745,80.14,OK_BYPASS,
vlarge_bal_mesh,2q|3g,tb_2q_3g_none,True,720,175.64,OK_BYPASS,
vlarge2_mod_ring,2r|3a,tb_2r_3a_none,True,71,454.76,OK_BYPASS,
vlarge_bal_mesh,2q|3h,tb_2q_3h_none,True,722,176.55,OK_BYPASS,
vlarge2_mod_ring,2r|3c,tb_2r_3c_none,True,71,452.75,OK_BYPASS,
vlarge2_dense_2d,2q|3j,tb_2q_3j_none,True,745,79.19,OK_BYPASS,
vlarge2_mod_ring,2r|3d,tb_2r_3d_none,True,71,450.88,OK_BYPASS,
vlarge2_mod_ring,2r|3e,tb_2r_3e_none,True,71,446.18,OK_BYPASS,
vlarge_bal_mesh,2q|3i,tb_2q_3i_none,True,722,170.35,OK_BYPASS,
vlarge2_dense_2d,2r|3a,tb_2r_3a_none,True,3002,89.39,OK_BYPASS,
vlarge2_dense_2d,2r|3b,tb_2r_3b_none,True,3012,90.83,OK_BYPASS,
vlarge_bal_mesh,2q|3j,tb_2q_3j_none,True,722,174.36,OK_BYPASS,
vlarge2_mod_ring,2r|3f,tb_2r_3f_none,True,71,446.12,OK_BYPASS,
vlarge2_dense_2d,2r|3c,tb_2r_3c_none,True,3009,89.47,OK_BYPASS,
vlarge_bal_mesh,2r|3a,tb_2r_3a_none,True,151,190.87,OK_BYPASS,
vlarge2_mod_ring,2r|3h,tb_2r_3h_none,True,71,436.11,OK_BYPASS,
max_bal_2d,2p|3j,tb_2p_3j_none,True,266,1314.39,OK_BYPASS,
vlarge2_dense_2d,2r|3d,tb_2r_3d_none,True,3008,89.07,OK_BYPASS,
maxp_bal_2d,2n|3d,tb_2n_3d_none,True,4433,6424.33,OK_BYPASS,
vlarge2_mod_ring,2r|3i,tb_2r_3i_none,True,71,427.95,OK_BYPASS,
vlarge_bal_mesh,2r|3b,tb_2r_3b_none,True,151,188.26,OK_BYPASS,
vlarge2_dense_2d,2r|3e,tb_2r_3e_none,True,3008,87.54,OK_BYPASS,
vlarge_bal_mesh,2r|3c,tb_2r_3c_none,True,151,190.07,OK_BYPASS,
vlarge2_dense_2d,2r|3f,tb_2r_3f_none,True,3015,87.43,OK_BYPASS,
vlarge_bal_mesh,2r|3d,tb_2r_3d_none,True,151,192.63,OK_BYPASS,
vlarge2_dense_2d,2r|3g,tb_2r_3g_none,True,3015,87.06,OK_BYPASS,
vlarge2_mod_ring,2r|3j,tb_2r_3j_none,True,71,431.04,OK_BYPASS,
vlarge_bal_mesh,2r|3e,tb_2r_3e_none,True,151,190.41,OK_BYPASS,
vlarge2_dense_2d,2r|3h,tb_2r_3h_none,True,3006,91.96,OK_BYPASS,
vlarge_bal_mesh,2r|3f,tb_2r_3f_none,True,151,195.95,OK_BYPASS,
vlarge2_dense_2d,2r|3i,tb_2r_3i_none,True,3007,91.45,OK_BYPASS,
vlarge_bal_mesh,2r|3g,tb_2r_3g_none,True,151,193.08,OK_BYPASS,
max_bal_2d,2q|3d,tb_2q_3d_none,True,1160,1327.61,OK_BYPASS,
vlarge_bal_mesh,2r|3h,tb_2r_3h_none,True,151,191.64,OK_BYPASS,
vlarge2_dense_2d,2r|3j,tb_2r_3j_none,True,3006,91.36,OK_BYPASS,
vlarge_bal_mesh,2r|3i,tb_2r_3i_none,True,151,198.0,OK_BYPASS,
vlarge_bal_mesh,2r|3j,tb_2r_3j_none,True,151,198.37,OK_BYPASS,
maxp_dense_hc,2r|3d,tb_2r_3d_none,True,1343,3247.95,OK_BYPASS,
max_bal_2d,2q|3j,tb_2q_3j_none,True,1162,1282.87,OK_BYPASS,
maxp_bal_2d,2n|3i,tb_2n_3i_none,True,4436,6362.72,OK_BYPASS,
max_mod_fat,2o|3d,tb_2o_3d_none,True,185,19014.33,OK_BYPASS,
max_bal_2d,2r|3d,tb_2r_3d_none,True,79,1485.44,OK_BYPASS,
maxp_bal_2d,2n|3j,tb_2n_3j_none,True,4433,6342.21,OK_BYPASS,
maxp_dense_hc,2r|3j,tb_2r_3j_none,True,1343,3212.94,OK_BYPASS,
max_bal_2d,2r|3e,tb_2r_3e_none,True,79,1499.67,OK_BYPASS,
maxp_bal_2d,2o|3d,tb_2o_3d_none,True,446,5019.39,OK_BYPASS,
max_bal_2d,2r|3j,tb_2r_3j_none,True,79,1488.31,OK_BYPASS,
max_mod_fat,2n|3d,tb_2n_3d_none,True,2197,22855.69,OK_BYPASS,
max_mod_fat,2o|3j,tb_2o_3j_none,True,185,19704.15,OK_BYPASS,
max_mod_fat,2p|3d,tb_2p_3d_none,True,185,18672.01,OK_BYPASS,
maxp_bal_2d,2o|3j,tb_2o_3j_none,True,446,4861.36,OK_BYPASS,
maxp_bal_2d,2p|3d,tb_2p_3d_none,True,465,4774.51,OK_BYPASS,
max_mod_fat,2n|3j,tb_2n_3j_none,True,2197,22519.69,OK_BYPASS,
max_mod_fat,2p|3j,tb_2p_3j_none,True,185,18481.15,OK_BYPASS,
maxp_bal_2d,2p|3j,tb_2p_3j_none,True,465,4682.29,OK_BYPASS,
maxp_bal_2d,2q|3d,tb_2q_3d_none,True,1366,4689.71,OK_BYPASS,
maxp_bal_2d,2q|3j,tb_2q_3j_none,True,1362,4620.83,OK_BYPASS,
maxp_bal_2d,2r|3d,tb_2r_3d_none,True,2458,5429.26,OK_BYPASS,
maxp_bal_2d,2r|3e,tb_2r_3e_none,True,2453,5318.17,OK_BYPASS,
maxp_bal_2d,2r|3j,tb_2r_3j_none,True,2458,5254.05,OK_BYPASS,
max_mod_fat,2q|3d,tb_2q_3d_none,True,1186,19774.41,OK_BYPASS,
max_mod_fat,2q|3j,tb_2q_3j_none,True,1174,19385.55,OK_BYPASS,
max_mod_fat,2r|3d,tb_2r_3d_none,True,2210,21856.25,OK_BYPASS,
max_mod_fat,2r|3j,tb_2r_3j_none,True,2210,21719.89,OK_BYPASS,
maxp_bal_2d,2f|3a,tb_2f_3a_none,False,20010,22343.29,SIM_TB_TIMEOUT_BYPASS,TIMEOUT; [FAIL] 8192L 2070G torus_46x45: TIMEOUT
max_mod_fat,2f|3a,tb_2f_3a_none,False,-1,32958.99,SIM_WALLCLOCK_TIMEOUT_BYPASS,">28800s; 717795000 | Router 1345 RX Port 1: pkt=5410100415358263374bc6b (tgt=1345, src=256)
[NOCTRC] 717795000 | Router 2077 TX Port 12: pkt=5410100415358263374bc6b (tgt=1345, src=256)
[NOCTRC] 717805000 | Router 1345 TX Port 0: pkt=54100c0414355382c6a7efa (tgt=1345, src=192)
[NOCTRC] 717815000 | Router 1345 TX Port 0: pkt=5410100415358263374bc6b (tgt=1345, src=256)
[PIU] 717825000 | GPU 1345 RX: pkt=54100c0414355382c6a7efa -> DMEM[3]
[PIU] 717845000 | GPU 1345 RX: pkt=5410100415358263374bc6b -> DMEM[4]
"
